organisation,sector,kind,sector_confidence
123Dentist Inc.,health_pharma,company,0.8
1263343 Alberta Inc dba Enerjet,energy_resources,company,0.41
15 Miles Minerals and Renewables,energy_resources,company,0.99
16170382 Canada Inc.,other,company,0.86
167395 Canada Inc. PA Super Marche,agriculture_food,company,0.68
1761595 Alberta Ltd.,other,company,0.75
2300 Estimauville LP,other,company,0.63
2592935 Ontario Inc.,other,company,0.86
2B Developments Consultants & Associates Inc.,other,company,0.53
350.org,advocacy_nonprofit,nonprofit,1
360Kids Support Services Inc.,advocacy_nonprofit,nonprofit,0.98
360°kids,advocacy_nonprofit,nonprofit,0.95
369Konnect,advocacy_nonprofit,nonprofit,0.72
3M CANADA COMPANY,retail_manufacturing,company,0.99
3M Canada Company,retail_manufacturing,company,0.99
3R Minéral,energy_resources,association,0.86
4 Pillars Consulting Group,advocacy_nonprofit,company,0.55
555 Carrière Holdings Inc.,energy_resources,company,0.44
7341041 Canada Inc.,other,company,0.84
9004033 Canada Inc. (d/b/a Lecky Media Productions),telecom_media,company,0.83
9192336 Canada inc.,other,company,0.77
9556-5305 Quebec Inc.,other,company,0.8
96347 Canada Inc.,other,company,0.82
9992987 Canada Inc O/A Localcoin,finance,company,0.97
A Way Home Canada,advocacy_nonprofit,nonprofit,1
A Way Home: Working Together to End Youth Homelessness,advocacy_nonprofit,nonprofit,1
A Womens Work Support Centre,advocacy_nonprofit,nonprofit,1
ABB Inc.,retail_manufacturing,company,0.37
ABC Life Literacy Canada,advocacy_nonprofit,nonprofit,0.99
ABORIGINAL PEOPLES TELEVISION NETWORK,telecom_media,nonprofit,0.53
ACCESS COPYRIGHT,industry_association,association,0.41
"ACTRA Alliance of Canadian Cinema, Television and Radio Artists",labour,nonprofit,1
ACTUA,advocacy_nonprofit,nonprofit,0.47
ADGA,agriculture_food,association,0.39
ADM Agri-Industries Company,agriculture_food,company,1
"AF, Aero Future Canada ( AF-C ) Inc.  2150767",defence_aerospace,company,0.93
AFO,advocacy_nonprofit,nonprofit,0.32
AIMIA Inc,industry_association,association,0.66
ALBERTA FOREST PRODUCTS ASSOCIATION,industry_association,association,0.64
ALLIANCE DES RADIOS COMMUNAUTAIRES DU CANADA,advocacy_nonprofit,association,0.52
ALS Action Canada,advocacy_nonprofit,nonprofit,0.76
ALUS Canada,industry_association,association,0.68
AMD Medicom,health_pharma,association,0.78
AMD Medicom Inc.,health_pharma,company,0.89
AMEX Bank of Canada,finance,company,1
AMPD Ventures Inc.,other,company,0.51
API Labs Inc,technology,company,0.58
API Labs Inc.,technology,company,0.68
ARC Clean Technology Canada Inc,technology,company,0.37
ARMATEC SURVIVABILITY,defence_aerospace,nonprofit,0.92
ASSOCIATION OF EQUIPMENT MANUFACTURERS,industry_association,association,0.98
"ASSOCIATION QUÉBÉCOISE DE L'INDUSTRIE DU DISQUE, DU SPECTACLE ET DE LA VIDÉO (ADISQ)",industry_association,association,0.96
"AST & Science, LLC",other,company,0.5
ATCO Frontec,defence_aerospace,company,0.37
ATCO Ltd.,energy_resources,company,0.93
ATMIS Protective Equipment Inc.,retail_manufacturing,company,0.61
AUTO21 Inc.,transport_infrastructure,company,0.69
AZ Fresh Inc.,agriculture_food,company,0.53
AbCellera Biologics Inc.,health_pharma,company,1
AbbVie Corporation,health_pharma,company,1
Abbott Laboratories Co.,health_pharma,company,1
Able Innovations,advocacy_nonprofit,nonprofit,0.42
Aborginal Labour Force Development Circle,advocacy_nonprofit,nonprofit,0.76
Aboriginal Coalition to End Homelessness,advocacy_nonprofit,nonprofit,1
Aboriginal Institutes' Consortium,advocacy_nonprofit,nonprofit,0.87
Aboriginal Labour Force Development Circle,advocacy_nonprofit,nonprofit,0.76
Aboriginal Peoples Television Network,telecom_media,nonprofit,0.84
Aboriginal Peoples Television Network Incorporated,telecom_media,nonprofit,0.73
Abortion Rights Coalition of Canada,advocacy_nonprofit,nonprofit,1
Absorbent Products Limited,retail_manufacturing,company,0.85
Academy of Canadian Cinema and Television,industry_association,association,0.44
Accipiter Radar Technologies Inc,defence_aerospace,company,0.78
Accipiter Radar Technology Inc.,defence_aerospace,company,0.77
Ach?v,other,nonprofit,0.59
Actavis Pharma Company,health_pharma,company,1
Action Canada for Sexual Health and Rights,advocacy_nonprofit,nonprofit,1
Action Hepatitis Canada,advocacy_nonprofit,nonprofit,0.77
Active Abilities Canada,advocacy_nonprofit,nonprofit,0.92
Actua,advocacy_nonprofit,nonprofit,0.4
AddEnergie,energy_resources,nonprofit,0.58
Adobe,technology,company,1
Advance Lumber & Pallet Ltd,energy_resources,company,0.67
Advanced Biofuels Canada,industry_association,association,0.7
Advanced Interactive Canada Inc. (Advintive),other,company,0.31
AdvantAge Ontario,advocacy_nonprofit,nonprofit,0.91
AdvantAge Ontario - Advancing Senior Care,advocacy_nonprofit,nonprofit,0.78
Advintive,advocacy_nonprofit,nonprofit,0.54
Aecon Group Inc.,transport_infrastructure,company,1
Aerospace Industries Association of Canada,defence_aerospace,association,0.48
African Nova Scotian Justice Institute (ANSJI),advocacy_nonprofit,nonprofit,1
AfterGlo Wellness Society Ltd,advocacy_nonprofit,nonprofit,0.88
AgMedica BioScience Inc.,health_pharma,company,0.98
Aga Khan Foundation Canada,advocacy_nonprofit,nonprofit,1
Agnico Eagle Mines Limited,energy_resources,company,1
Agri-Food Innovation Council,agriculture_food,association,0.87
Agri-food Innovation Council,agriculture_food,association,0.86
Agricultural Producers Association of Saskatchewan,agriculture_food,association,0.85
Agriculture Union - Public Service Alliance of Canada,labour,nonprofit,0.86
Agrium Inc.,agriculture_food,company,0.99
Agro-Farma Canada Inc.,health_pharma,company,0.57
Agropur Dairy Cooperative,agriculture_food,association,0.98
Agropur cooperative,agriculture_food,association,0.98
Aimia,industry_association,association,0.24
Aimia Inc.,industry_association,company,0.16
Air Canada,transport_infrastructure,company,1
Air Canada Pilots Association,labour,association,0.98
"Air Line Pilots Association, International",labour,association,0.95
"Air Line Pilots Association, International (Canada)",labour,association,0.96
Air North,transport_infrastructure,company,0.94
Air North Partnership,transport_infrastructure,association,0.72
Air Products Canada Ltd,energy_resources,company,0.64
Air Products Canada Ltd.,energy_resources,company,0.54
Air Transport Association of Canada,industry_association,association,0.57
Air Transport Association of Canada (ATAC),industry_association,association,0.6
Airbnb Canada Inc.,technology,company,0.93
Airbnb Ireland UC,technology,company,0.93
Airboss of America Corporation,defence_aerospace,company,0.88
Airbus Canada Limited Partnership,defence_aerospace,company,1
"Airbus Defence & Space Canada, Inc.",defence_aerospace,company,1
Airbus Defence and Space,defence_aerospace,company,1
"Airbus Defence and Space Canada, Inc.",defence_aerospace,company,1
Airbus Group,defence_aerospace,company,1
Airbus Helicopters Canada Limited,defence_aerospace,company,1
Aircraft Mechanics Fraternal Association (AMFA),labour,association,0.98
Aireon Canada Limited,defence_aerospace,company,0.77
Airex Energy,energy_resources,company,0.96
Alamos Gold Inc,energy_resources,company,1
Alamos Gold Inc.,energy_resources,company,1
Alaska Structures,transport_infrastructure,company,0.36
Alaska-Alberta Railway Development Corporation (A2A Rail),transport_infrastructure,company,0.99
Alberta Ballet,advocacy_nonprofit,nonprofit,0.98
Alberta Barley,agriculture_food,association,0.74
Alberta Ecotrust Foundation on behalf of Trottier Family Foundation,advocacy_nonprofit,nonprofit,0.99
Alberta Enterprise Group,industry_association,company,0.53
Alberta Grains,agriculture_food,association,0.66
Alberta Greenhouse Growers Association,agriculture_food,association,0.5
Alberta In Situ Oil Sands Alliance (IOSA),energy_resources,association,0.77
Alberta Innovates,education_research,nonprofit,0.72
Alberta Irrigation Districts Association,agriculture_food,association,0.66
Alberta Milk,agriculture_food,association,0.48
Alberta Sugar Beet Growers,agriculture_food,association,0.88
Alberta Wheat Commission,agriculture_food,association,0.84
Alberta Women's Health Foundation,advocacy_nonprofit,nonprofit,0.77
Alberta's Industrial Heartland Association,industry_association,association,0.74
Alberta-Pacific Forest Industries Inc.,energy_resources,company,0.99
Alcoa Canada Co.,energy_resources,company,0.87
Alderon Iron Ore Corp,energy_resources,company,1
Alderon Iron Ore Corp.,energy_resources,company,1
Alectra Incorporated,energy_resources,company,0.57
Alectra Utilities Corporation,energy_resources,company,0.98
Alexion Pharma Canada,health_pharma,company,1
Algoma,industry_association,association,0.2
Algoma Central Corporation,transport_infrastructure,company,0.92
Algoma Steel Inc.,retail_manufacturing,company,0.62
Algoma University,education_research,nonprofit,1
Algonquin College,education_research,nonprofit,1
Alinea International Ltd.,other,company,0.46
Alion Science and Technology (Canada) Corporation,defence_aerospace,company,0.98
Allen Vanguard,advocacy_nonprofit,nonprofit,0.43
Allen Vanguard Corporation,other,company,0.45
Alliage 02,industry_association,nonprofit,0.29
Alliance Grain Terminal Ltd.,agriculture_food,company,0.86
Alliance for Privacy and Innovation in Canada,advocacy_nonprofit,nonprofit,0.83
Alliance for Protecting Children's Rights and Safety Online,advocacy_nonprofit,nonprofit,1
Alliance for Safe Online Pharmacies,health_pharma,nonprofit,0.58
Alliance of Canadian Land Trusts,advocacy_nonprofit,nonprofit,0.97
Alliance of Manufacturers & Exporters Canada (CME),industry_association,association,0.99
Alma Mater Society of the University of British Columbia,education_research,nonprofit,0.82
Almag Aluminum Inc,retail_manufacturing,company,0.82
Alpha House Society Calgary,advocacy_nonprofit,nonprofit,0.81
Alpine Helicopters Ltd.,transport_infrastructure,company,0.51
Alstom Transport Canada Inc.,transport_infrastructure,company,0.99
AltaGas Ltd.,energy_resources,company,1
AltaLink Management Ltd,energy_resources,company,0.99
AltaLink Management Ltd.,energy_resources,company,1
Altus Group Limited,finance,company,0.21
AluQuebec,industry_association,association,0.9
Aluminum 3104,industry_association,association,0.77
Aluminum Association of Canada,industry_association,association,1
Alzheimer Society of B.C.,advocacy_nonprofit,nonprofit,0.66
Alzheimer Society of Canada,advocacy_nonprofit,nonprofit,0.73
Alzheimer's Society of Canada,advocacy_nonprofit,nonprofit,0.67
Amalgamated Transit Union - Canada,labour,nonprofit,1
Amalgamated Transit Union Canada (ATU Canada),labour,nonprofit,1
Amanda Sussman Consulting,advocacy_nonprofit,company,0.55
Amazon,technology,company,0.62
"Amazon Canada Fulfillment Services, ULC",retail_manufacturing,company,0.82
Amazon Corporate LLC,technology,company,0.48
"Amazon Corporate, LLC",technology,company,0.52
"Amazon Web Services Canada, Inc.",technology,company,1
American Chamber of Commerce in Canada,industry_association,association,0.97
American Fraternal Alliance,advocacy_nonprofit,nonprofit,0.86
Americas Policy Group (APG),advocacy_nonprofit,nonprofit,0.84
Amex Bank of Canada,finance,company,1
Amgen Canada Inc.,health_pharma,company,1
Amnesty International Canadian Section (English Speaking),advocacy_nonprofit,nonprofit,1
Amylyx Pharmaceuticals Inc.,health_pharma,company,1
Amyotrophic Lateral Sclerosis Society of Canada,advocacy_nonprofit,nonprofit,0.63
Anbaric Management Canada Inc.,other,company,0.48
Anglican Diocese of British Columbia,advocacy_nonprofit,nonprofit,1
Anglo American plc,energy_resources,company,1
Animal Justice,advocacy_nonprofit,nonprofit,1
Animal Nutrition Association of Canada,industry_association,association,0.51
Anthem Sports & Entertainment Corp.,other,company,0.56
Anthony Allard,other,nonprofit,0.57
Anvil Intelligence Inc.,technology,company,0.35
Apex Aluminum Extrusions Ltd,retail_manufacturing,company,0.79
Aphria Inc,agriculture_food,company,0.26
Apotex Inc.,health_pharma,company,1
Apple Canada Inc,technology,company,1
Apple Canada Inc.,technology,company,1
Applied Pharmaceutical Innovation,health_pharma,company,0.99
ApplyBoard,education_research,company,0.55
ApplyBoard Inc.,education_research,company,0.62
Appraisal Institute of Canada,industry_association,association,0.67
Aqua Action,advocacy_nonprofit,nonprofit,0.95
Aqua Forum,advocacy_nonprofit,nonprofit,0.44
Aqua Forum/AquaHacking,advocacy_nonprofit,nonprofit,0.51
AquaAction,advocacy_nonprofit,nonprofit,0.97
Aquatic Sport Council,advocacy_nonprofit,nonprofit,0.87
Arbutus Park Properties Inc.,transport_infrastructure,company,0.9
ArcelorMittal Dofasco,retail_manufacturing,company,0.75
ArcelorMittal Dofasco G.P.,retail_manufacturing,company,0.72
ArcelorMittal Mining Canada G.P.,energy_resources,company,1
Archer Daniels Midland,agriculture_food,company,1
Archer Daniels Midland Company,agriculture_food,company,1
Arctic Gateway Group,industry_association,association,0.4
Arctic Research Foundation,advocacy_nonprofit,nonprofit,0.81
ArcticNet Inc.,education_research,nonprofit,0.35
Argosy Partners,other,company,0.37
Armatec Survivability,defence_aerospace,nonprofit,0.95
Armenian National Committee of Canada,advocacy_nonprofit,nonprofit,1
Armstrong Fluid Technology,retail_manufacturing,company,0.75
Arnprior Aerospace,defence_aerospace,company,1
Aroland First Nation,government_public,nonprofit,0.98
Arrow Games Corporation,technology,company,0.36
Art Gallery of Greater Victoria,advocacy_nonprofit,nonprofit,0.99
Artemis Gold Inc.,energy_resources,company,1
Arterra Wines Canada Inc.,agriculture_food,company,0.79
"Arterra Wines Canada, Inc.",agriculture_food,company,0.75
Arthritis Alliance of Canada,advocacy_nonprofit,nonprofit,0.88
Arthritis Research Foundation,advocacy_nonprofit,nonprofit,0.75
Arthritis Society Canada,advocacy_nonprofit,nonprofit,0.73
Arts Commons,advocacy_nonprofit,nonprofit,0.97
Arts Habitat Edmonton,advocacy_nonprofit,nonprofit,0.99
Arts Umbrella,advocacy_nonprofit,nonprofit,0.93
Artscape,advocacy_nonprofit,nonprofit,0.95
Arvay Finlay LLP,other,company,0.49
Ashcroft Terminal,transport_infrastructure,company,0.61
Assembly of First Nations Yukon Region,advocacy_nonprofit,nonprofit,0.66
Assembly of Manitoba Chiefs,advocacy_nonprofit,nonprofit,0.49
Assemblée de la francophonie de l'Ontario (AFO),advocacy_nonprofit,nonprofit,1
Assiniboine Community College,education_research,nonprofit,1
Assiniboine Park Conservancy Inc.,advocacy_nonprofit,nonprofit,1
Associated Equipment Distributors,industry_association,association,0.42
Association Of Canadian Distillers,industry_association,association,0.99
Association des brasseurs du Québec,industry_association,association,0.99
Association des chirurgiens dentistes du Québec,health_pharma,association,0.59
Association des réalisateurs et des réalisatrices du Québec,advocacy_nonprofit,association,0.46
Association for Action on Smoking and Health,advocacy_nonprofit,nonprofit,0.95
Association for Mineral Exploration,energy_resources,association,0.68
Association for Mineral Exploration - British Columbia,energy_resources,association,0.65
Association for Mountain Parks Protection & Enjoyment,advocacy_nonprofit,nonprofit,1
Association for Mountain Parks Protection and Enjoyment (AMPPE),advocacy_nonprofit,nonprofit,1
Association for Reformed Political Action (ARPA) Canada,advocacy_nonprofit,nonprofit,1
Association of Alberta Municipalities,government_public,association,0.99
Association of Canadian Academic Healthcare Organizations / Association canadienne des institutions de santé universitaire (ACAHO/ACISU),health_pharma,association,0.62
Association of Canadian Advertisers,industry_association,association,0.96
Association of Canadian Distillers,industry_association,association,0.99
Association of Canadian Distillers (Spirits Canada),industry_association,association,1
Association of Canadian Distillers/Spirits Canada,industry_association,association,1
Association of Canadian Port Authorities,transport_infrastructure,association,0.67
Association of Canadian Port Authorities (ACPA),transport_infrastructure,association,0.67
Association of Canadian Publishers,industry_association,association,0.64
Association of Canadian Travel Agencies,industry_association,association,1
Association of Compounding Pharmacists of Canada,health_pharma,association,0.88
Association of Consulting Engineering Companies - Canada,industry_association,association,0.99
Association of Consulting Engineering Companies - Canada/LAssociation des firmes dingénieurs-conseils du Canada,industry_association,association,1
Association of Day Care Operators of Ontario,industry_association,association,0.98
Association of Equipment Manufacturers,industry_association,association,0.98
Association of Equipment Manufacturers (AEM),industry_association,association,0.99
Association of Families of Flight PS752 Victims,advocacy_nonprofit,nonprofit,1
Association of Former Workers of the Air Canada Overhaul Centres,labour,association,0.78
Association of Fundraising Professionals,advocacy_nonprofit,association,0.68
Association of Fundraising Professionals Canada,advocacy_nonprofit,association,0.77
Association of Home Appliance Manufacturers,industry_association,association,0.98
Association of Interior Realtors,industry_association,association,0.68
Association of Iroquois and Allied Indians,advocacy_nonprofit,nonprofit,0.78
Association of Justice Counsel,advocacy_nonprofit,association,0.55
Association of Manitoba Municipalities,government_public,association,0.99
Association of University Research Parks Canada,education_research,association,0.83
Asthma Society of Canada,advocacy_nonprofit,nonprofit,0.57
AstraZeneca Canada Inc.,health_pharma,company,1
Astral Media inc.,telecom_media,company,0.99
Athabasca Chipewyan First Nation,government_public,nonprofit,0.99
Athabasca University,education_research,nonprofit,1
AtkinsRealis,transport_infrastructure,company,0.94
AtkinsRéalis,transport_infrastructure,company,0.82
Atlantic Ballet Theatre of Canada Inc.,advocacy_nonprofit,nonprofit,0.97
Atlantic Central,advocacy_nonprofit,nonprofit,0.34
Atlantic Gold,energy_resources,company,0.99
Atlantic Packaging Products Ltd.,retail_manufacturing,company,0.96
Atlantic Salmon Conservation Foundation,advocacy_nonprofit,nonprofit,0.96
Atlas Institute for Veterans and Families,advocacy_nonprofit,nonprofit,1
Atura H2 LP,energy_resources,company,0.93
Audio Cine Films Inc,telecom_media,company,0.81
Aurora Cannabis Inc.,health_pharma,company,0.78
Autism Alliance of Canada,advocacy_nonprofit,nonprofit,1
Automotive Industries Association of Canada,industry_association,association,0.79
Automotive Parts Manufacturers' Association,industry_association,association,0.92
Avenue Living Asset Management,finance,company,0.83
Avocats St-Laurent-Chénard inc.,other,company,0.72
Axidyne Ltd.,advocacy_nonprofit,company,0.39
"Axiom Space, Inc.",defence_aerospace,company,1
Axon Public Safety Canada Inc.,technology,company,0.62
Azure Sustainable Fuels Corp.,energy_resources,company,0.97
Aéroport de Québec inc.,transport_infrastructure,company,0.98
B'nai Brith Committee for Justice in Canada,advocacy_nonprofit,nonprofit,1
B'nai Brith National Organization of Canada,advocacy_nonprofit,nonprofit,1
B.C. Tech Association,industry_association,association,0.67
B2Gold Corp.,energy_resources,company,1
BAE Systems,defence_aerospace,company,1
BASF Agricultural Solutions Canada Inc.,agriculture_food,company,0.99
BASF Canada,retail_manufacturing,company,0.85
BASF Canada Inc.,retail_manufacturing,company,0.86
BC Care Providers Association,industry_association,association,0.45
BC Centre for Innovation and Clean Energy (o/a NorthX Climate Tech),energy_resources,nonprofit,0.3
BC Craft Brewers Guild,industry_association,association,0.99
BC Dairy,agriculture_food,association,0.6
BC Dairy Association,agriculture_food,association,0.58
BC Dental Association,health_pharma,association,0.41
BC Ferries,transport_infrastructure,public_body,1
BC Funeral Association,industry_association,association,0.92
BC Libraries Cooperative,industry_association,association,0.48
BC Lumber Trade Council,industry_association,association,0.72
BC Marine Terminal Operators Association,industry_association,association,0.61
BC Naturopathic Association,health_pharma,association,0.43
BC Pharmacy Association,health_pharma,association,0.69
BC Pulp & Paper Coalition,industry_association,association,0.71
BC Real Estate Association,industry_association,association,0.72
BC Salmon Farmers Association,industry_association,association,0.54
BC Salmon Purse Seine Association,agriculture_food,association,0.63
BC Securities Commission,government_public,public_body,0.82
BC Wildlife Federation,advocacy_nonprofit,nonprofit,1
BC Women's Health Foundation,advocacy_nonprofit,nonprofit,0.54
BCE Inc.,telecom_media,company,1
BELL HELICOPTER TEXTRON CANADA LIMITED,defence_aerospace,company,1
"BHE Canada, LP",other,company,0.32
BHP Billiton Canada Inc,energy_resources,company,1
BHP Billiton Canada Inc.,energy_resources,company,1
BHP Billiton Limited,energy_resources,company,1
BHP Canada Inc,energy_resources,company,1
BHP Canada Inc.,energy_resources,company,1
BHR INC,other,company,0.58
BILD,advocacy_nonprofit,nonprofit,0.24
BIOTECANADA,industry_association,association,0.61
BIOX Corporation,health_pharma,company,0.47
BLS International,other,company,0.5
BMC Minerals Ltd.,energy_resources,company,0.98
BMO FINANCIAL GROUP,finance,company,1
BMO Financial Group,finance,company,1
BMW Canada Inc.,transport_infrastructure,company,0.99
BNP Resources Inc.,energy_resources,company,0.62
BNSF Railway Company,transport_infrastructure,company,1
BP Canada Energy Group,energy_resources,company,1
BUSINESS COUNCIL OF BRITISH COLUMBIA,industry_association,association,1
BW Solar Inc.,energy_resources,company,0.96
BWXT Canada Ltd.,defence_aerospace,company,0.5
BYD Canada Company Limited,transport_infrastructure,company,0.99
Babcock Canada,defence_aerospace,company,0.99
Baffinland Iron Mines,energy_resources,company,1
"Bailey, Wadden & Duffy LLP",other,company,0.83
Baking Association of Canada,industry_association,association,0.86
Ballard Power Systems,energy_resources,company,0.64
Ballinran Productions Limited,advocacy_nonprofit,company,0.52
Banff & Lake Louise Hospitality Association,industry_association,association,0.99
Banff Centre for Arts and Creativity,advocacy_nonprofit,nonprofit,0.9
Banff Centre for the Arts and Creativity,advocacy_nonprofit,nonprofit,0.96
Banff World Media Festival,telecom_media,association,0.46
Bank of Nova Scotia,finance,company,1
Baobab Services Canada,advocacy_nonprofit,nonprofit,0.81
Barilla Canada Inc.,agriculture_food,company,0.97
Barrick Gold Corporation,energy_resources,company,1
Barrick Mining Corporation (formerly Barrick Gold Corporation),energy_resources,company,1
Bartek Ingredients Inc,agriculture_food,company,0.91
"Bausch Health, Canada Inc.",health_pharma,company,1
Bay Area Health Trust,health_pharma,nonprofit,0.99
Bay of Fundy Inshore Fishermen's Association,agriculture_food,association,0.87
Bayer CropScience Inc.,agriculture_food,company,0.97
Bayer Inc.,health_pharma,company,1
Baymag Inc.,energy_resources,company,0.25
Bayshore HealthCare,health_pharma,company,0.99
Be Social Justice Professional Corporation,advocacy_nonprofit,company,0.98
Beacon Data Centers Inc.,technology,company,0.93
Beanfield Technologies Inc.,technology,company,0.8
Bear Head Energy,energy_resources,company,0.99
Bear Head LNG,energy_resources,company,1
Beaverbrook Art Gallery,advocacy_nonprofit,nonprofit,0.97
Becton Dickinson Canada Inc,health_pharma,company,1
Bedessee Imports,advocacy_nonprofit,company,0.3
Beef Farmers of Ontario,agriculture_food,association,0.75
Beer Canada,industry_association,association,0.98
Bel Cheese Canada Inc.,agriculture_food,company,0.87
Beleave Inc.,advocacy_nonprofit,company,0.72
Bell Canada,telecom_media,company,1
Bell Media,telecom_media,company,1
Bell Pensioners' Group (BPG),advocacy_nonprofit,nonprofit,0.79
Bell Textron Canada Limited,defence_aerospace,company,1
"Bell Textron, Inc.",defence_aerospace,company,1
Benga Mining Limited,energy_resources,company,1
"Benga Mining Limited, dba Riversdale Resources",energy_resources,company,1
Beothuk Energy Inc.,energy_resources,company,0.99
Berg Chilling Systems Inc.,retail_manufacturing,company,0.69
Berkshire Hathaway Energy Canada,energy_resources,company,1
Berkshire Hathaway Energy Company,energy_resources,company,1
Best Developments Inc,transport_infrastructure,company,0.36
Best Medicines Coalition,health_pharma,nonprofit,0.73
Big Brothers Big Sisters of Canada,advocacy_nonprofit,nonprofit,1
Big Moon Canada Corporation,other,company,0.44
"Big Moon Power, LLC.",energy_resources,company,0.31
Bilcon Of Delaware Inc,energy_resources,company,0.75
Binance Canada Ltd.,finance,company,0.99
Bio Fresh Group Limited,agriculture_food,company,0.87
BioCanRx,health_pharma,nonprofit,0.8
BioTalent Canada,industry_association,association,0.59
BioVectra Inc.,health_pharma,company,0.89
Biofresh Group Limited,agriculture_food,company,0.92
Biofresh Group Ltd.,agriculture_food,company,0.89
Biogen Canada,health_pharma,company,1
Bioindustrial Innovation Canada,industry_association,association,0.7
Bioniche Life Sciences Inc.,health_pharma,company,1
Birch Hill Equity Partners,finance,company,0.91
Birds Canada,advocacy_nonprofit,nonprofit,1
Bizi Transport Inc,transport_infrastructure,company,0.77
Black Boys Code Society,advocacy_nonprofit,nonprofit,0.98
Black Health Care Professional Network,advocacy_nonprofit,nonprofit,0.91
Black Screen Office,advocacy_nonprofit,nonprofit,0.6
BlackBerry Limited,technology,company,0.99
Blue Ant Media Corporation,telecom_media,company,0.93
Blue Ant Media Inc.,telecom_media,company,0.97
Blue Door Support Services,advocacy_nonprofit,company,0.8
Blue Force Energy Solutions Inc.,energy_resources,company,0.98
Board of Trade of Metropolitan Montréal,industry_association,association,1
Boating Ontario Association,industry_association,association,0.56
Boehringer Ingelheim,health_pharma,company,1
Boehringer Ingelheim (Canada) Ltd.,health_pharma,company,1
Boehringer Ingelheim Canada Ltd.,health_pharma,company,1
Boeing Canada Operations Ltd,defence_aerospace,company,1
Boeing Global Sales Corporation,defence_aerospace,company,1
"Boeing Operations International, Incorporated",defence_aerospace,company,1
Boiron Canada Inc.,health_pharma,company,1
Bombardier,defence_aerospace,company,0.92
Bombardier Inc.,defence_aerospace,company,0.92
Bombardier Recreational Products INC.,retail_manufacturing,company,0.58
Bombardier Specialized Aircraft,defence_aerospace,company,0.99
Borea Construction ULC,transport_infrastructure,company,0.99
Boston University School of Law,education_research,nonprofit,0.98
Bothwell Accurate,other,nonprofit,0.67
Boundaries North,advocacy_nonprofit,nonprofit,0.75
Boys and Girls Clubs of Canada,advocacy_nonprofit,nonprofit,1
Braiding Knowledges Canada,advocacy_nonprofit,nonprofit,0.98
Brain Canada Foundation,advocacy_nonprofit,nonprofit,0.69
Brane Inc,other,company,0.36
Brantford Regional Real Estate Association,industry_association,association,0.69
Breakfast Club of Canada,advocacy_nonprofit,nonprofit,0.85
Breakthrough T1D,advocacy_nonprofit,nonprofit,0.6
Breast Cancer Canada,advocacy_nonprofit,nonprofit,0.53
Brewster Travel Canada,industry_association,company,0.26
Brian Ludmer,other,nonprofit,0.64
Brigham Enterprises,other,company,0.57
Bristol Myers Squibb Canada,health_pharma,company,1
Britannia Woods Community House,advocacy_nonprofit,nonprofit,0.98
British Columbia Assembly of First Nations,advocacy_nonprofit,nonprofit,0.65
British Columbia Civil Liberties Association,advocacy_nonprofit,nonprofit,1
British Columbia Coast Pilots Ltd.,transport_infrastructure,company,0.54
British Columbia Dairy Association,agriculture_food,association,0.47
British Columbia Ferry Services Inc.,transport_infrastructure,company,0.98
British Columbia Institute of Technology,education_research,nonprofit,1
British Columbia Lumber Trade Council,industry_association,association,0.69
British Columbia Maritime Employees Association,labour,association,0.99
British Columbia Maritime Employers Association,industry_association,association,0.94
British Columbia Tuna Fishermen's Association,agriculture_food,association,0.74
British Columbia's Children's Hospital Foundation,health_pharma,nonprofit,0.8
Broadcasting Accessibility Fund,advocacy_nonprofit,nonprofit,0.67
Broadcom Inc,technology,company,1
Brock University,education_research,nonprofit,1
Brokenhead Ojibway Nation,government_public,nonprofit,0.98
Brookfield BRP Canada Corp. DBA Evolugen,health_pharma,company,0.47
Bruce Power,energy_resources,company,1
Bruce Power L.P.,energy_resources,company,1
Bruce Trail Conservancy,advocacy_nonprofit,nonprofit,1
Brunswick Corporation,retail_manufacturing,company,0.56
Buffalo and Fort Erie Public Bridge Authority,transport_infrastructure,public_body,0.71
Building Momentum,advocacy_nonprofit,nonprofit,0.67
Bullet ID Corporation,defence_aerospace,company,0.29
Burgess Canadian Resources Ltd.,energy_resources,company,0.96
Burnbrae Farms,agriculture_food,company,1
Business / Arts,industry_association,association,0.57
Business Council of Alberta,industry_association,association,1
Business Council of Canada,industry_association,association,1
Business/Higher Education Roundtable,industry_association,association,0.79
Bébin,other,nonprofit,0.48
C.T.S. Food Brokers Inc.,agriculture_food,company,0.9
C2MTL,advocacy_nonprofit,nonprofit,0.35
"CAAN Communities, Alliances & Networks",advocacy_nonprofit,nonprofit,0.86
CAAT Pension Plan,finance,nonprofit,0.79
CAE Inc.,defence_aerospace,company,0.96
CAE inc.,defence_aerospace,company,0.98
CAMECO CORPORATION,energy_resources,company,1
CANADA'S VENTURE CAPITAL AND PRIVATE EQUITY ASSOCIATION,finance,association,0.49
CANADIAN APPRENTICESHIP FORUM - FORUM CANADIEN SUR L'APPRENTISSAGE,advocacy_nonprofit,nonprofit,0.64
CANADIAN ASSOCIATION OF OCCUPATIONAL THERAPISTS(CAOT),advocacy_nonprofit,association,0.43
CANADIAN ASSOCIATION OF PETROLEUM PRODUCERS,energy_resources,association,0.66
CANADIAN ASSOCIATION OF RECYCLING INDUSTRIES,industry_association,association,1
CANADIAN CANCER SOCIETY,advocacy_nonprofit,nonprofit,0.55
CANADIAN CONSUMER SPECIALTY PRODUCTS ASSOCIATION,industry_association,association,0.87
CANADIAN DENTAL HYGIENISTS ASSOCIATION,health_pharma,association,0.41
CANADIAN ENERGY PIPELINE ASSOCIATION,energy_resources,association,0.78
CANADIAN FEDERATION FOR THE HUMANITIES AND SOCIAL SCIENCES,advocacy_nonprofit,nonprofit,0.76
CANADIAN FERTILIZER INSTITUTE,industry_association,association,0.92
CANADIAN FINANCE & LEASING ASSOCIATION,finance,association,0.48
CANADIAN FOODGRAINS BANK,advocacy_nonprofit,nonprofit,0.68
CANADIAN FOUNDRY ASSOCIATION (CFA),industry_association,association,0.99
CANADIAN HEALTH FOOD ASSOCIATION,industry_association,association,0.66
CANADIAN IMPERIAL BANK OF COMMERCE ( CIBC),finance,company,1
CANADIAN LIGHT SOURCE INC.,education_research,nonprofit,0.95
CANADIAN MARKETING ASSOCIATION,industry_association,association,0.93
CANADIAN NURSES ASSOCIATION/ASSOCIATION DES INFIRMIERES ET INFIRMIERS DU CANADA(CNA),labour,association,0.47
CANADIAN OIL SANDS LIMITED,energy_resources,company,1
CANADIAN PACIFIC RAILWAY,transport_infrastructure,company,1
CANADIAN PORK COUNCIL,agriculture_food,association,0.56
CANADIAN SEED TRADE ASSOCIATION,industry_association,association,0.8
CANADIAN SPHAGNUM PEAT MOSS ASSOCIATION,industry_association,association,0.96
CANADIAN STANDARDS ASSOCIATION,industry_association,association,0.76
CANADIAN VEHICLE MANUFACTURERS' ASSOCIATION,industry_association,association,0.85
CANWISP - Canadian Association of Wireless Internet Providers,industry_association,association,0.65
CAPP Canadian Association of Petroleum Producers,energy_resources,association,0.54
CAPREIT Limited Partnership,transport_infrastructure,company,0.78
CARE Canada,advocacy_nonprofit,nonprofit,1
CARFAX Canada,transport_infrastructure,company,0.89
CARP,advocacy_nonprofit,nonprofit,0.89
CBC Pensioners National Association,advocacy_nonprofit,association,0.82
CEE Center for Young Black Professionals,advocacy_nonprofit,nonprofit,0.99
CEFA Systems Inc.,other,company,0.29
CELERITI FUSION CANADA LIMITED,other,company,0.43
CEMENT ASSOCIATION OF CANADA,industry_association,association,1
CERMAQ CANADA LTD.,agriculture_food,company,1
CFA Societies Canada Inc.,finance,association,0.61
CFFiM Canadian Forum for Financial Markets,finance,association,0.75
CGC Inc.,other,company,0.69
CGI Group Inc,technology,company,0.99
CGI Information Systems & Management Consultants Inc.,technology,company,0.99
CGIAR,agriculture_food,nonprofit,0.38
CHAR Technologies,technology,company,0.81
CHAR Technologies Ltd,technology,company,0.67
CHC Helicopters,transport_infrastructure,company,0.53
CHEO Foundation,health_pharma,nonprofit,0.57
CHIEFS OF ONTARIO,government_public,nonprofit,0.94
CHRA Canadian Housing and Renewal Association,advocacy_nonprofit,association,0.89
CHUNGDAHM Learning,education_research,company,0.78
CIF Metal,industry_association,association,0.83
CIFFA Corp,industry_association,association,0.84
CIRP Construction Industry Rehabilitation Plan Inc.,industry_association,association,0.55
CIRP Construction Industry Rehabilitation Plan Society,industry_association,nonprofit,0.37
CISN Shipping Group (2019) Inc.,transport_infrastructure,company,0.58
CKUA,advocacy_nonprofit,nonprofit,0.46
CKUA Radio Foundation,advocacy_nonprofit,nonprofit,0.67
CLAC,advocacy_nonprofit,nonprofit,0.4
CLAC (Christian Labour Association of Canada),labour,association,1
CMI Mulching,agriculture_food,association,0.45
CNIB (CANADIAN NATIONAL INSTITUTE FOR THE BLIND),advocacy_nonprofit,nonprofit,1
CNOOC International Limited,energy_resources,company,1
CNOOC Petroleum North America,energy_resources,company,1
CNOOC Petroleum North America ULC,energy_resources,company,1
COAL ASSOCIATION OF CANADA (THE ),energy_resources,association,0.63
COALITION FOR CANADIAN ASTRONOMY,advocacy_nonprofit,nonprofit,0.71
CODE,advocacy_nonprofit,nonprofit,0.4
COLT CANADA CORP.,telecom_media,company,0.57
COM DEV Ltd.,defence_aerospace,company,0.52
COM DEV Ltd. (DBA Honeywell),defence_aerospace,company,0.89
COMPETITIVE NETWORK OPERATORS OF CANADA,telecom_media,association,0.54
COMPOSITE PANEL ASSOCIATION,industry_association,association,0.99
CONCACAN INC. o/a Canadian Conference of Catholic Bishops (CCCB),advocacy_nonprofit,nonprofit,1
CONSEIL QUÉBÉCOIS DES ENTREPRISES ADAPTÉES (CQEA),industry_association,association,0.9
COREM,industry_association,association,0.25
CORMER GROUP INDUSTRIES INC.,other,company,0.41
"CORPORATION OF THE COUNCIL OF MINISTERS OF EDUCATION, CANADA (THE)",education_research,association,0.35
COSTI Immigrant Services,advocacy_nonprofit,nonprofit,1
COUNCIL OF CANADIANS / CONSEIL DES CANADIENS,advocacy_nonprofit,nonprofit,0.81
CPDC (Centre for Probe Development and Commercialization),industry_association,nonprofit,0.3
CRIAQ,industry_association,association,0.46
CROPLIFE CANADA,industry_association,association,0.9
CRUISE LINES INTERNATIONAL ASSOCIATION  NORTH WEST & CANADA (CLIA-NWC),industry_association,association,1
CRÉATIONS YUL INC.,advocacy_nonprofit,company,0.51
CSA Group,industry_association,association,0.82
CSL Group Inc.,health_pharma,company,0.62
CSMG Inc. dba Babcock Canada,defence_aerospace,company,0.73
CST Foundation,advocacy_nonprofit,nonprofit,0.75
CUBE Building Systems,transport_infrastructure,company,0.65
CUPS Calgary Society,advocacy_nonprofit,nonprofit,0.84
CVW CleanTech Inc,energy_resources,company,0.32
CVW Sustainable Royalties Inc.,energy_resources,company,0.64
Cable Public Affairs Channel,telecom_media,association,0.84
Caisse Centrale de Reassurance,finance,company,0.99
Caisse Centrale de Réassurance,finance,company,0.99
Calgary Airport Authority,transport_infrastructure,public_body,0.98
Calgary Chamber of Commerce,industry_association,association,0.99
Calgary Co-operative Association Limited,industry_association,association,0.32
Calgary Economic Development,government_public,public_body,0.95
Calgary Food Bank,advocacy_nonprofit,nonprofit,1
"Calgary Olympic Development Association, o/a Winsport",advocacy_nonprofit,association,0.94
Calgary Philharmonic Orchestra,advocacy_nonprofit,nonprofit,1
Calgary Philharmonic Society,advocacy_nonprofit,nonprofit,1
Calgary Young Men's Christian Association (YMCA Calgary),advocacy_nonprofit,nonprofit,1
Calian Group Ltd,defence_aerospace,company,0.89
Campbell Company of Canada,agriculture_food,company,0.31
Camping In Ontario,industry_association,association,0.62
Can Art Aluminum Extrusions Canada Inc,retail_manufacturing,company,0.84
CanAge,advocacy_nonprofit,nonprofit,0.93
CanCap Group Inc.,advocacy_nonprofit,company,0.31
CanWISP - CANADIAN ASSOCIATION OF WIRELESS INTERNET SERVICE PROVIDERS,industry_association,association,0.8
Canada Africa Growth Coalition (CAGC),advocacy_nonprofit,nonprofit,0.99
"Canada Bread Company, Limited",agriculture_food,company,0.92
"Canada Bread Company, Ltd.",agriculture_food,company,0.91
Canada Cares,advocacy_nonprofit,nonprofit,0.92
Canada Clean Fuels,industry_association,association,0.47
Canada Climate Law Initiative,advocacy_nonprofit,nonprofit,1
Canada Fetal Alcohol Spectrum Disorder Research Network,advocacy_nonprofit,nonprofit,0.77
Canada Foundation for Innovation,education_research,nonprofit,0.38
Canada Goose Inc.,retail_manufacturing,company,0.99
Canada Grains Council,industry_association,association,0.52
Canada Green Building Council,advocacy_nonprofit,nonprofit,0.91
Canada Jetlines Ltd.,transport_infrastructure,company,0.9
Canada Media Fund,government_public,public_body,0.53
Canada Nickel Company,energy_resources,company,1
Canada Organic Trade Association,industry_association,association,0.71
Canada Pension Plan Investment Board,finance,public_body,0.98
Canada Pipe Company ULC,energy_resources,company,0.71
"Canada Pipe Company, ULC",energy_resources,company,0.65
Canada Pork International,agriculture_food,association,0.58
Canada Powered by Women,advocacy_nonprofit,nonprofit,0.95
Canada Rocket Company,defence_aerospace,company,0.9
Canada Workday ULC,technology,company,0.99
Canada World Youth,advocacy_nonprofit,nonprofit,1
Canada and RLG Systems Canada Inc. (RLG),technology,company,0.41
Canada's Accredited Zoos and Aquariums,industry_association,association,0.69
Canada's Building Trade Unions,labour,nonprofit,1
Canada's Building Trades Unions,labour,nonprofit,1
Canada's Digital Technology Supercluster,industry_association,association,0.45
Canada's National Firearms Association,advocacy_nonprofit,association,0.97
Canada's Ocean Supercluster,industry_association,association,0.95
Canada's Space Innovators (Space Canada),defence_aerospace,association,0.48
Canada's Sports Hall of Fame,advocacy_nonprofit,nonprofit,0.99
CanadaHelps,advocacy_nonprofit,nonprofit,0.98
Canadas ?2SLGBTQI+ Chamber ?of Commerce (CGLCC),industry_association,association,0.78
Canadas National Firearms Association,advocacy_nonprofit,association,0.98
Canadian  Sugar Institute,industry_association,association,0.49
Canadian AIDS Society,advocacy_nonprofit,nonprofit,0.91
Canadian AIDS Treatment Information Exchange,advocacy_nonprofit,nonprofit,0.84
Canadian Aboriginal and Minority Supplier Council,advocacy_nonprofit,nonprofit,0.63
Canadian Academy of Health Sciences (CAHS),health_pharma,nonprofit,0.7
Canadian Accounting Software Coalition,industry_association,association,0.76
Canadian Actors' Equity Association,labour,association,1
Canadian Agri-Food Allliance,agriculture_food,association,0.92
Canadian Agri-Food Policy Institute,agriculture_food,nonprofit,0.77
Canadian Agri-Food Trade Alliance,agriculture_food,association,0.74
Canadian Agri-food Automation and Intelligence Network (CAAIN),agriculture_food,association,0.63
Canadian Agri-food Trade Alliance,agriculture_food,association,0.81
Canadian Agricultural Safety Association,agriculture_food,association,0.54
Canadian Air Traffic Control Association,labour,association,0.38
Canadian Airports Council,industry_association,association,0.55
Canadian Alliance of Student Associations,advocacy_nonprofit,nonprofit,0.8
Canadian Alliance on Mental Illness and Mental Health,advocacy_nonprofit,nonprofit,0.85
Canadian Alliance to End Homelessness,advocacy_nonprofit,nonprofit,1
Canadian American Business Council,industry_association,association,0.82
Canadian Anesthesiologists' Society,health_pharma,association,0.79
Canadian Animal Health Institute,industry_association,association,0.69
Canadian Antimicrobial Innovation Coalition,health_pharma,association,0.7
Canadian Aquaculture Industry Alliance,industry_association,association,0.65
Canadian Aquaculture Suppliers Association,industry_association,association,0.67
Canadian Artists Representation,advocacy_nonprofit,association,0.76
Canadian Arts Coalition,advocacy_nonprofit,nonprofit,0.97
Canadian Associaiton of Mutual Insurance Companies (CAMIC),finance,association,0.49
Canadian Association  of Mutual Insurance Companies,industry_association,association,0.47
Canadian Association for Long Term Care,health_pharma,association,0.52
Canadian Association for Long-Term Care,health_pharma,association,0.45
Canadian Association for the Study of the Liver,health_pharma,association,0.76
Canadian Association for the Study of the Liver (CASL),health_pharma,association,0.8
Canadian Association of Accredited Mortgage Professionals,industry_association,association,0.55
Canadian Association of Amusement Operators,industry_association,association,1
Canadian Association of Broadcasters,telecom_media,association,0.7
Canadian Association of Chiefs of Police,advocacy_nonprofit,association,0.72
Canadian Association of Content Exporters,industry_association,association,0.89
Canadian Association of Defence and Security Industries (CADSI),defence_aerospace,association,0.56
Canadian Association of Energy Contractors,industry_association,association,0.49
Canadian Association of Exposition Management,industry_association,association,0.98
Canadian Association of Fairs and Exhibitions,industry_association,association,0.97
Canadian Association of Film Distributors and Exporters,industry_association,association,0.92
Canadian Association of Fire Chiefs,advocacy_nonprofit,association,0.74
Canadian Association of Importers and Exporters,industry_association,association,1
Canadian Association of Long Term Care,health_pharma,association,0.58
Canadian Association of Midwives,advocacy_nonprofit,association,0.5
Canadian Association of Mutual Insurance Companies,finance,association,0.48
Canadian Association of Nuclear Medicine,health_pharma,association,0.91
Canadian Association of Occupational Therapists (CAOT),advocacy_nonprofit,association,0.48
Canadian Association of Optometrists,health_pharma,association,0.6
Canadian Association of PPE Manufacturers,industry_association,association,0.94
Canadian Association of PPE Manufacturers (CAPPEM),industry_association,association,0.96
Canadian Association of Petroleum Producers,energy_resources,association,0.65
Canadian Association of Physician Assistants,health_pharma,association,0.57
Canadian Association of Physicians for the Environment,advocacy_nonprofit,nonprofit,0.99
Canadian Association of Prawn Producers,agriculture_food,association,0.59
Canadian Association of Professional Employees,labour,association,0.99
Canadian Association of Radiologists,health_pharma,association,0.89
Canadian Association of Railway Suppliers,industry_association,association,0.72
Canadian Association of Recycling Industries (CARI),industry_association,association,1
Canadian Association of Refugee Lawyers,advocacy_nonprofit,nonprofit,0.99
Canadian Association of Refugee Lawyers (CARL),advocacy_nonprofit,nonprofit,0.99
Canadian Association of Research Libraries,education_research,association,0.93
Canadian Association of Retired Persons,advocacy_nonprofit,nonprofit,1
Canadian Association of Retired Persons (CARP),advocacy_nonprofit,nonprofit,1
Canadian Association of Stand-up Comedians,advocacy_nonprofit,association,0.58
Canadian Association of University Teachers,labour,association,0.84
Canadian Associaton of Radiologists,health_pharma,association,0.92
Canadian Athletic Therapists Association,advocacy_nonprofit,association,0.46
Canadian Audit and Accountability Foundation,advocacy_nonprofit,nonprofit,0.94
Canadian Automobile Association,transport_infrastructure,association,0.36
Canadian Automobile Dealers Association,industry_association,association,0.83
Canadian Automobile Dealers Association (CADA),industry_association,association,0.89
Canadian Bank Note Company Limited,finance,company,0.63
Canadian Bankers Association,industry_association,association,0.57
Canadian Bar Association,advocacy_nonprofit,association,0.66
Canadian Basketball Ventures L.P. Operating as Canadian Elite Basketball  League (CEBL),other,company,0.41
Canadian Basketball Ventures L.P. Operating as Canadian Elite Basketball League (CEBL),other,company,0.47
Canadian Beverage Association,industry_association,association,0.99
Canadian Biogas Association,industry_association,association,0.6
Canadian Biosphere Regions Association,advocacy_nonprofit,association,0.98
Canadian Blockchain Consortium,industry_association,association,0.66
Canadian Brain Research Strategy,advocacy_nonprofit,nonprofit,0.52
Canadian Breast Cancer Network,advocacy_nonprofit,nonprofit,0.81
Canadian Bureau for International Education,advocacy_nonprofit,nonprofit,0.64
Canadian Business Aviation Association,industry_association,association,0.94
Canadian Cable Systems Alliance,telecom_media,association,0.66
Canadian Cable Systems Alliance Inc,industry_association,association,0.47
Canadian Cable Systems Alliance Inc.,telecom_media,association,0.58
Canadian Camping Association,advocacy_nonprofit,association,0.59
Canadian Camping and RV Council,industry_association,association,0.94
Canadian Cancer Society,advocacy_nonprofit,nonprofit,0.53
Canadian Cancer Survivor Network,advocacy_nonprofit,nonprofit,0.73
Canadian Cancer Trials Group,health_pharma,nonprofit,0.65
Canadian Canola Growers Association,agriculture_food,association,0.78
Canadian Cardiovascular Society,health_pharma,association,0.8
Canadian Career Development Foundation,advocacy_nonprofit,nonprofit,0.98
Canadian Catholic School Trustees Association,advocacy_nonprofit,association,0.86
Canadian Catholic School Trustees' Association,advocacy_nonprofit,association,0.82
Canadian Cattle Association,agriculture_food,association,0.51
Canadian Cattlemen's Association,agriculture_food,association,0.68
Canadian Centre for Architecture,advocacy_nonprofit,nonprofit,0.9
Canadian Centre for Caregiving Excellence - Azrieli Foundation,advocacy_nonprofit,nonprofit,0.9
Canadian Centre for Child Protection Inc.,advocacy_nonprofit,nonprofit,1
Canadian Chamber of Commerce,industry_association,association,0.99
Canadian Charging Infrastructure Council,industry_association,association,0.73
Canadian Chiropractic Association,health_pharma,association,0.59
Canadian Civil Liberties Association,advocacy_nonprofit,nonprofit,1
Canadian Climate Institute,advocacy_nonprofit,nonprofit,1
Canadian Co-operative Association,industry_association,association,0.87
Canadian Coalition Against Terror,advocacy_nonprofit,nonprofit,0.99
Canadian Coalition for Firearm Rights,advocacy_nonprofit,nonprofit,1
Canadian Coalition for Health Freedom,advocacy_nonprofit,nonprofit,0.92
Canadian Coalition for Healthy Waters,advocacy_nonprofit,nonprofit,1
Canadian Coastal Research Society,advocacy_nonprofit,nonprofit,0.89
Canadian Coatings Association,industry_association,association,1
Canadian College of Naturopathic Medicine (CCNM),education_research,nonprofit,0.64
Canadian Community Economic Development Network,advocacy_nonprofit,nonprofit,1
Canadian Construction Association,industry_association,association,0.78
Canadian Construction Innovations,transport_infrastructure,association,0.76
Canadian Consumer Finance Association,industry_association,association,0.52
Canadian Convenience Stores Association,industry_association,association,0.93
Canadian Cooperative Association,industry_association,association,0.86
Canadian Copper Inc.,energy_resources,company,0.98
Canadian Corps of Commissionaires,industry_association,association,0.68
Canadian Council for Indigenous Business,industry_association,association,0.73
Canadian Council for Refugees,advocacy_nonprofit,nonprofit,1
Canadian Council for Sustainable Aviation Fuels,industry_association,association,0.69
Canadian Council for the Advancement of Native Development Officers (CANDO),advocacy_nonprofit,nonprofit,0.95
Canadian Council of Snowmobile Organizations,industry_association,association,0.65
Canadian Council of the Blind,advocacy_nonprofit,nonprofit,1
Canadian Council on Animal Care,advocacy_nonprofit,nonprofit,0.97
Canadian Council on Rehabilitation and Work,advocacy_nonprofit,nonprofit,0.98
Canadian Counselling and Psychotherapy Association,advocacy_nonprofit,association,0.79
Canadian Craft Brewers Association,industry_association,association,1
Canadian Credit Union Association,industry_association,association,0.51
Canadian Crédit Union Association,finance,association,0.61
Canadian Cultural Content Connects,advocacy_nonprofit,nonprofit,0.68
Canadian Dance Teachers' Association National,advocacy_nonprofit,association,0.83
Canadian Dental Association,health_pharma,association,0.46
Canadian Dental Associaton,health_pharma,association,0.43
Canadian Dermatology Association,health_pharma,association,0.81
"Canadian District, United Brotherhood of Carpenters and Joiners of America",labour,nonprofit,1
Canadian Doctors for Protection from Guns,advocacy_nonprofit,nonprofit,0.98
Canadian ETF Association (CETFA),finance,association,0.56
Canadian Egg Marketing Agency COB Egg Farmers of Canada,agriculture_food,association,0.72
Canadian Energy Efficiency Alliance,advocacy_nonprofit,nonprofit,0.69
Canadian Energy Infrastructure Corp,energy_resources,company,0.98
Canadian Energy Marketers Association (CEMA),energy_resources,association,0.54
Canadian Energy Metals Corp.,energy_resources,company,1
Canadian Energy Pipeline Association,energy_resources,association,0.72
Canadian Ethnic Media Association,advocacy_nonprofit,association,0.84
Canadian Farm Press,agriculture_food,association,0.73
Canadian Federal Pilots Association,labour,association,0.83
Canadian Federation of Agriculture,agriculture_food,association,0.84
Canadian Federation of Apartment Associations,industry_association,association,0.81
Canadian Federation of Apartment Associations - Fédération canadienne des associations de propriétaires immobiliers,industry_association,association,0.68
Canadian Federation of Forest Owners,energy_resources,association,0.54
Canadian Federation of Humane Societies (also known as Humane Canada),advocacy_nonprofit,nonprofit,1
Canadian Federation of Independent Business (CFIB),industry_association,association,0.99
Canadian Federation of Library Associations,advocacy_nonprofit,association,0.88
Canadian Federation of Musicians,labour,nonprofit,0.99
Canadian Federation of Nurses Unions,labour,nonprofit,1
Canadian Federation of Students,advocacy_nonprofit,nonprofit,0.9
Canadian Federation of agriculture,agriculture_food,association,0.86
Canadian Ferry Association,industry_association,association,0.83
Canadian Ferry Operators Association,industry_association,association,0.88
Canadian Fertility and Andrology Society,health_pharma,association,0.85
Canadian Film Centre,advocacy_nonprofit,nonprofit,0.74
Canadian Finance & Leasing Association,industry_association,association,0.54
Canadian Firearms Manufacturers and Dealers Association,industry_association,association,0.98
Canadian Food Innovation Network,agriculture_food,nonprofit,0.77
Canadian Foodgrains Bank,advocacy_nonprofit,nonprofit,0.92
Canadian Foreign Exchange Users Association,industry_association,association,0.68
Canadian Foundation for Healthcare Improvement,health_pharma,nonprofit,0.54
Canadian Frailty Network,advocacy_nonprofit,nonprofit,0.67
Canadian Franchise Association,industry_association,association,1
Canadian Franchise Association (CFA),industry_association,association,1
Canadian Fuels Association,energy_resources,association,0.51
Canadian Gaming Association,industry_association,association,0.99
Canadian Gaming Association (CGA),industry_association,association,0.99
Canadian Gas Association,energy_resources,association,0.59
Canadian Generic Pharmaceutical Association,health_pharma,association,0.68
Canadian Generic Pharmaceutical Association (CGPA),health_pharma,association,0.64
Canadian Geographic Enterprises Inc.,advocacy_nonprofit,company,0.86
Canadian Hatching Egg Producers,agriculture_food,association,0.68
Canadian Health Coalition,advocacy_nonprofit,nonprofit,0.65
Canadian Health Food Association,advocacy_nonprofit,association,0.48
Canadian Health Information Management Association,health_pharma,association,0.59
Canadian Health Research Forum,health_pharma,nonprofit,0.43
Canadian Health Research Forum (CHRF),advocacy_nonprofit,nonprofit,0.45
Canadian Hearing Services,health_pharma,nonprofit,0.83
Canadian Home Builders' Association,industry_association,association,0.92
Canadian Home Care Association,industry_association,association,0.51
Canadian Homeopathic Pharmaceutical Association,health_pharma,association,0.8
Canadian Horse Defence Coalition,advocacy_nonprofit,nonprofit,0.98
Canadian Housing and Renewal Association,advocacy_nonprofit,association,0.83
Canadian Housing and Renewal Association (CHRA),advocacy_nonprofit,association,0.81
Canadian Housing and Renewal Association (CHRA)'s Indigenous Caucus,advocacy_nonprofit,nonprofit,0.99
Canadian Hydrogen Association,industry_association,association,0.83
Canadian Independent Fish Harvester's Federation,agriculture_food,association,0.78
Canadian Independent Fish Harvesters Federation,agriculture_food,association,0.79
Canadian Independent Music Association,industry_association,association,0.91
Canadian Independent Petroleum Marketers Association,industry_association,association,0.47
Canadian Independent Screen Fund for BPOC Creators,advocacy_nonprofit,nonprofit,0.97
Canadian Institute for Advanced Research,education_research,nonprofit,0.94
Canadian Institute of Actuaries,finance,association,0.69
Canadian Institute of Planners,advocacy_nonprofit,association,0.83
Canadian Institute of Plumbing and Heating,industry_association,association,0.98
Canadian Institute of Quantity Surveyors,industry_association,association,0.71
Canadian Institute of Steel Construction,industry_association,association,0.99
Canadian Integrated Shaftline System Consortium,industry_association,association,0.51
Canadian International Capital Inc,finance,company,0.9
Canadian International Pharmacy Association,health_pharma,association,0.72
Canadian Internet Registration Authority (CIRA),industry_association,nonprofit,0.38
Canadian Kitchen Cabinet Association,industry_association,association,0.98
Canadian LNG Alliance,energy_resources,association,0.62
Canadian Labour Congress,labour,nonprofit,1
Canadian Lenders Association,finance,association,0.54
Canadian Library Association,advocacy_nonprofit,association,0.95
Canadian Life and Health Insurance Association,industry_association,association,0.57
Canadian Life and Health Insurance Association Inc.,industry_association,association,0.63
Canadian Light Source Inc.,education_research,nonprofit,0.95
Canadian Live Music Association,industry_association,association,0.86
Canadian Lung Association,advocacy_nonprofit,nonprofit,0.47
Canadian Lutheran World Relief,advocacy_nonprofit,nonprofit,1
Canadian Magazine Coalition,telecom_media,association,0.61
Canadian Marine Pilots of Canada,transport_infrastructure,association,0.48
Canadian Marine Pilots' Association,transport_infrastructure,association,0.36
Canadian Marketing Association,industry_association,association,0.97
Canadian Meat Advocacy Office,agriculture_food,nonprofit,0.46
Canadian Meat Council,industry_association,association,0.67
Canadian Media Producers Association,industry_association,association,0.6
Canadian Medical Association,health_pharma,association,0.67
Canadian Medical Cannabis Council,advocacy_nonprofit,nonprofit,0.54
Canadian Men's Health Foundation,advocacy_nonprofit,nonprofit,0.82
Canadian Mental Health Association,advocacy_nonprofit,nonprofit,0.76
Canadian Mental Health Association of New Brunswick,advocacy_nonprofit,nonprofit,0.72
Canadian Microelectronics Corporation,technology,association,0.85
Canadian Mink Breeders Association,industry_association,association,0.56
Canadian Mountain Network,advocacy_nonprofit,nonprofit,0.83
Canadian Museums Association,advocacy_nonprofit,association,0.9
Canadian Mushroom Growers Association,agriculture_food,association,0.47
Canadian Music Publishers Association,industry_association,association,0.86
Canadian Music Publishers Association (operating as Music Publishers Canada),industry_association,association,0.91
Canadian Music Publishers Association operating as Music Publishers Canada,industry_association,association,0.93
Canadian Muslim Public Affairs Council,advocacy_nonprofit,nonprofit,1
Canadian National Millers Association (CNMA),industry_association,association,0.5
Canadian Natural Gas Vehicle Alliance,industry_association,association,0.66
Canadian Natural Resources Limited,energy_resources,company,1
Canadian Network Operators Consortium Inc.,telecom_media,association,0.63
"Canadian Network for Maternal, Newborn and Child Health",advocacy_nonprofit,nonprofit,0.81
Canadian Network for the Prevention of Elder Abuse (CNPEA),advocacy_nonprofit,nonprofit,1
Canadian North,transport_infrastructure,company,0.98
Canadian Nuclear Association,industry_association,association,0.72
Canadian Nuclear Isotope Council,industry_association,association,0.6
Canadian Nuclear Laboratories,energy_resources,public_body,0.61
Canadian Oilseed Processors Association,industry_association,association,0.62
Canadian Olympic Committee,advocacy_nonprofit,nonprofit,0.98
Canadian Olympic Committee (COC),advocacy_nonprofit,nonprofit,0.99
Canadian Opera Company,advocacy_nonprofit,nonprofit,0.99
Canadian Ophthalmological Society,health_pharma,association,0.8
Canadian Organic Growers,agriculture_food,association,0.42
Canadian Organization for Rare Disorders,advocacy_nonprofit,nonprofit,0.8
Canadian Owners and Pilots Association,advocacy_nonprofit,association,0.48
Canadian Pacific Railway Company,transport_infrastructure,company,1
Canadian Paediatric Society,health_pharma,nonprofit,0.64
Canadian Palliative Hospice Care Assocation,advocacy_nonprofit,association,0.52
Canadian Paralympic Committee,advocacy_nonprofit,nonprofit,1
Canadian Paraplegic Association,advocacy_nonprofit,nonprofit,0.99
Canadian Parents for French,advocacy_nonprofit,nonprofit,1
Canadian Parks and Recreation Association,advocacy_nonprofit,association,0.85
Canadian Parks and Wilderness Society,advocacy_nonprofit,nonprofit,1
Canadian Partnership Against Cancer,advocacy_nonprofit,nonprofit,0.51
Canadian Partnership for Women and Children's Health (CanWaCH),advocacy_nonprofit,nonprofit,0.87
Canadian Payments Association (dba Payments Canada),finance,association,0.73
Canadian Perinatal Mental Health Collaborative,advocacy_nonprofit,nonprofit,0.85
Canadian Pharmaceutical Manufacturers and Exporters Alliance,health_pharma,association,0.72
Canadian Pharmacist Association,health_pharma,association,0.81
Canadian Pharmacists Association,health_pharma,association,0.86
Canadian Phosphate Limited,energy_resources,company,0.75
Canadian Physiotherapy Association,health_pharma,association,0.49
Canadian Police Association,labour,association,0.75
Canadian Pork Council,agriculture_food,association,0.65
Canadian Postmasters and Assistants Association (CPAA),labour,association,0.86
Canadian Poultry and Egg Processors,agriculture_food,association,0.46
Canadian Premature Babies Foundation,advocacy_nonprofit,nonprofit,0.52
Canadian Prepaid Providers Organization (CPPO),industry_association,association,0.68
Canadian Private Copying Collective,industry_association,association,0.34
Canadian Private Copying Collective (CPCC),industry_association,association,0.37
Canadian Produce Marketing Association,agriculture_food,association,0.52
Canadian Professional Sales Association,industry_association,association,0.87
Canadian Propane Association,industry_association,association,0.66
Canadian Psychedelic Association,advocacy_nonprofit,association,0.97
Canadian Psychiatric Association,health_pharma,association,0.57
Canadian Psychological Association,advocacy_nonprofit,association,0.9
Canadian Public Health Association (CPHA),advocacy_nonprofit,nonprofit,0.74
Canadian Public Works Association,industry_association,association,0.49
Canadian RV Coalition,industry_association,nonprofit,0.47
Canadian Real Estate Association,industry_association,association,0.75
Canadian Recreational Vehicle Association,industry_association,association,0.8
Canadian Red Cross,advocacy_nonprofit,nonprofit,0.98
Canadian Renewable Energy Association,industry_association,association,0.76
Canadian Renewable Fuels Association,industry_association,association,0.83
Canadian Retread Manufacturers Association,industry_association,association,0.97
Canadian Seed Growers  Association,agriculture_food,association,0.48
Canadian Seed Growers Association,industry_association,association,0.46
Canadian Senior Living Association (CSLA),industry_association,association,0.61
Canadian Shareholder Association for Research and Education,advocacy_nonprofit,association,0.7
Canadian Sheep Federation,agriculture_food,association,0.76
Canadian Shipowners Association,industry_association,association,0.93
Canadian Ski Council,industry_association,association,0.72
Canadian Snowbird Association,advocacy_nonprofit,association,0.97
Canadian Society for Exercise Physiology,advocacy_nonprofit,association,0.87
Canadian Society for Medical Laboratory Science,health_pharma,association,0.68
Canadian Society of Association Executives,industry_association,association,0.57
"Canadian Society of Association Executives, Ottawa-Gatineau Chapter",industry_association,association,0.46
Canadian Society of Landscape Architects,advocacy_nonprofit,association,0.49
Canadian Solar,energy_resources,company,1
Canadian Solar Industries Association,industry_association,association,0.92
Canadian Solar Solutions,energy_resources,association,0.91
Canadian Sporting Arms & Ammunition Association,industry_association,association,0.96
Canadian Sporting Arms and Ammunition Association,industry_association,association,0.96
Canadian Standards Association,industry_association,association,0.71
Canadian Startup Capital Association,industry_association,association,0.71
Canadian Steel Producers Association,industry_association,association,1
Canadian Steel Producers Association (CSPA),industry_association,association,1
Canadian Stem Cell Foundation,advocacy_nonprofit,nonprofit,0.5
Canadian Strategic Missions Corporation,advocacy_nonprofit,company,0.68
Canadian Sugar Institute,industry_association,association,0.57
Canadian Support Workers Association,labour,association,0.75
Canadian Teachers' Federation,labour,nonprofit,0.98
Canadian Telecommunications Association,telecom_media,association,0.6
Canadian Thoracic Society,health_pharma,nonprofit,0.63
Canadian Tire Corporation Ltd.,retail_manufacturing,company,1
"Canadian Tire Corporation, Limited",retail_manufacturing,company,1
Canadian Tourism Human Resource Council,industry_association,association,0.68
Canadian Transportation Equipment Association (CTEA),industry_association,association,0.7
Canadian Trucking Alliance,industry_association,association,0.88
Canadian Turkey Marketing Agency C.O.B. as Turkey Farmers of Canada,agriculture_food,association,0.55
Canadian Union of Public Employees,labour,nonprofit,1
Canadian Union of Public Employees (CUPE),labour,nonprofit,1
Canadian Union of Public Employees British Columbia (CUPE BC),labour,nonprofit,1
Canadian Urban Institute,advocacy_nonprofit,nonprofit,0.93
Canadian Urban Libraries Council,advocacy_nonprofit,association,0.81
Canadian Urban Transit Association,industry_association,association,0.7
Canadian Urban Transit Research & Innovation Consortium (CUTRIC),transport_infrastructure,association,0.4
Canadian Urological Association,health_pharma,association,0.82
Canadian Vehicle Manufacturers' Association,industry_association,association,0.83
Canadian Veterinarian Medical Association,advocacy_nonprofit,association,0.36
Canadian Veterinary Medical Association (CVMA),industry_association,association,0.46
Canadian Water Quality Association,industry_association,association,0.73
Canadian Web3 Council,industry_association,association,0.61
Canadian Welding Bureau,industry_association,association,0.95
Canadian Welding Bureau (CWB Group),industry_association,association,0.95
Canadian Western Bank,finance,company,1
Canadian Wheat Board,agriculture_food,public_body,0.93
Canadian Wildlife Federation,advocacy_nonprofit,nonprofit,1
Canadian Wind Energy Association,industry_association,association,0.86
Canadian Window Covering Manufacturers Council,industry_association,association,0.97
Canadian Women & Sport,advocacy_nonprofit,nonprofit,1
Canadian Women's Chamber of Commerce,advocacy_nonprofit,association,0.48
Canadian Women's Foundation,advocacy_nonprofit,nonprofit,1
Canadian Wood Pallet and Container Association,industry_association,association,0.99
Canadian Worker Co-operative Federation,labour,nonprofit,0.63
Canadian Young Farmers Forum,agriculture_food,nonprofit,0.69
Canadian for Clean Prosperity,energy_resources,association,0.36
Canadian marine pilots' Association,transport_infrastructure,association,0.43
Canadian rental housing providers for affordable housing,industry_association,association,0.87
Canadians For Credit Privacy,advocacy_nonprofit,nonprofit,0.86
Canadians for Camping,advocacy_nonprofit,nonprofit,0.93
Canadians for Clean Prosperity,advocacy_nonprofit,nonprofit,0.32
Canadians for Fair Access to Medical Marijuana,advocacy_nonprofit,nonprofit,0.92
Canadians for Justice and Peace in the Middle East,advocacy_nonprofit,nonprofit,1
Canadians for Safety Abroad,advocacy_nonprofit,nonprofit,0.99
Canadians for Tax Fairness,advocacy_nonprofit,nonprofit,1
Canadore College,education_research,nonprofit,0.99
Canderel,agriculture_food,company,0.47
Candu Energy Inc.,energy_resources,company,1
Canexia Health,health_pharma,nonprofit,0.95
Cannabis Canada Association,industry_association,association,0.87
Cannabis Council of Canada,industry_association,association,0.85
Cannabis Trade Alliance of Canada,industry_association,association,0.99
Cannmart Inc.,industry_association,company,0.49
Canola Council of Canada,agriculture_food,association,0.51
Canon Canada Inc.,retail_manufacturing,company,0.71
Canopy Growth,health_pharma,company,0.3
Canopy Growth Corporation,health_pharma,company,0.43
Canpotex Limited,industry_association,association,0.56
Cantak Corporation,other,company,0.55
Cape Breton University,education_research,nonprofit,1
Capilano Students' Union,advocacy_nonprofit,nonprofit,0.47
Capilano University,education_research,nonprofit,1
Capital One Bank (Canada Branch),finance,company,1
Capital Power Corporation,energy_resources,company,1
Capital Regional District,government_public,public_body,1
Capstone Infrastructure Corporation,transport_infrastructure,company,0.92
Carbon Business Development Council,industry_association,association,0.69
Carbon Business Development Council Inc.,industry_association,nonprofit,0.58
Carbon Engineering,energy_resources,company,0.88
Carbon Engineering ULC,energy_resources,company,0.91
Carbon Recycling International,energy_resources,company,0.64
Carbon Removal Canada,advocacy_nonprofit,nonprofit,0.97
Carbon Upcycling Technologies Inc.,technology,company,0.3
Carcross/Tagish First Nation,government_public,nonprofit,0.98
Cardiac Arrhythmia Network of Canada,health_pharma,nonprofit,0.56
Cardus,advocacy_nonprofit,nonprofit,0.98
Cargill Limited,agriculture_food,company,1
Cargojet,transport_infrastructure,company,0.99
Carleton University,education_research,nonprofit,1
Carnival Corporation,transport_infrastructure,company,0.87
Carpenters' District Council of Ontario,labour,nonprofit,0.99
Carpenters' Regional Council,labour,association,0.96
Carrier Lumber Ltd.,energy_resources,company,0.67
Cascade Aerospace Inc,defence_aerospace,company,0.99
Cassels Brock & Blackwell LLP,other,company,0.87
Cat Lake First Nation,government_public,nonprofit,0.99
Catalyst Community Development,advocacy_nonprofit,nonprofit,1
Catalyst Community Developments Society,advocacy_nonprofit,nonprofit,1
Catalyst Paper Corporation,energy_resources,company,0.61
Cavanagh Communities,advocacy_nonprofit,nonprofit,0.92
Cavanagh Concrete Ltd.,transport_infrastructure,company,0.91
Cedar LNG Partners (GP) Ltd.,energy_resources,company,1
"Celestica International LP, by its general partner, Celestica International GP Inc.",defence_aerospace,company,0.44
Celiac Canada,advocacy_nonprofit,nonprofit,0.96
Cement Association of Canada,industry_association,association,0.99
Cenmax Group Inc.,other,company,0.52
Cenovus Energy Inc.,energy_resources,company,1
Centennial College,education_research,nonprofit,1
Center for Science in the Public Interest,advocacy_nonprofit,nonprofit,1
Central 1 Credit Union,finance,nonprofit,1
Central Maine & Québec Railway,transport_infrastructure,company,1
Centre Inicio,advocacy_nonprofit,nonprofit,0.83
Centre for Civic Engagement,advocacy_nonprofit,nonprofit,1
Centre for Commercialization of Regenerative Medicine,health_pharma,nonprofit,0.89
Centre for Digital Rights,advocacy_nonprofit,nonprofit,1
Centre for Equitable Library Access,advocacy_nonprofit,nonprofit,0.98
Centre for Health Science and Law,advocacy_nonprofit,nonprofit,0.48
Centre for the Commercialization of Regenerative Medicine,health_pharma,nonprofit,0.93
CentreCourt,advocacy_nonprofit,nonprofit,0.69
CentrePort Canada Inc.,transport_infrastructure,company,0.99
"Cerberus Capital Management II, L.P.",finance,company,1
Cereals Canada,industry_association,association,0.56
Cereals Canada Inc,agriculture_food,association,0.63
Ceridian Canada Ltd.,technology,company,0.98
Cerrado Gold Inc.,energy_resources,company,0.99
CertainTeed Gypsum Canada Inc.,retail_manufacturing,company,0.68
Certified General Accountants Association of Canada,industry_association,association,0.44
"Cestar College of Business, Health and Technology",education_research,nonprofit,0.95
Chamber of Marine Commerce,industry_association,association,0.91
Chamber of Shipping of British Columbia,industry_association,association,0.91
Chambre de commerce et d'industrie Saguenay-Le Fjord,industry_association,association,1
Champane and Aishihik First Nations (CAFN),government_public,nonprofit,0.98
Champion Iron Limited,energy_resources,company,0.98
ChargePoint,transport_infrastructure,company,0.91
ChargePoint Canada Inc.,transport_infrastructure,company,0.93
Charles River Laboratories,health_pharma,company,1
Chartered Professional Accountants of Canada (CPA Canada),industry_association,association,0.54
Chartered Professional Accountants of Ontario,industry_association,association,0.44
Chartered Professional Accountants of Ontario (CPA Ontario),industry_association,association,0.49
Chartered Professionals in Human Resources (CPHR),labour,association,0.48
Chaudière-Appalaches Économique,industry_association,association,0.56
Chegg,education_research,company,0.47
Chegg Inc.,education_research,company,0.5
Chemistry Industry Association of Canada,industry_association,association,1
Chemtrade Electrochem Inc.,retail_manufacturing,company,0.49
Chevron Canada Limited,energy_resources,company,1
Chick-fil-A Canada UCL,retail_manufacturing,company,0.25
Chick-fil-A Canada ULC,retail_manufacturing,company,0.38
Chicken Farmers of Canada,industry_association,association,0.52
Chicken Farmers of Ontario,agriculture_food,association,0.55
Chiefs of Ontario,government_public,nonprofit,0.9
Child & Youth Advocacy Centres of Canada,advocacy_nonprofit,nonprofit,1
Child Development Institute,advocacy_nonprofit,nonprofit,0.92
Child Welfare League of Canada,advocacy_nonprofit,nonprofit,1
Children First Canada,advocacy_nonprofit,nonprofit,1
Children's Cottage Society,advocacy_nonprofit,nonprofit,1
Children's Healthcare Canada,advocacy_nonprofit,nonprofit,0.55
Chippewas of Nawash Unceded First Nation,government_public,nonprofit,0.96
Chorus Aviation Inc.,transport_infrastructure,company,0.66
Christian Labour Association of Canada,labour,nonprofit,0.99
Christian Medical and Dental Society of Canada,advocacy_nonprofit,nonprofit,0.56
Christian Music festival,advocacy_nonprofit,nonprofit,0.99
Christian Reformed churches in Canada (CRCNA Canada Corporation),advocacy_nonprofit,nonprofit,1
Chíyáqtel Tzeachten First Nation,government_public,nonprofit,0.98
Cielo Waste Solutions Corp.,other,company,0.44
Ciena Canada ULC,telecom_media,company,0.59
Cigar Guys,industry_association,association,0.85
Cindy Gates-Dee and the Dee family,advocacy_nonprofit,nonprofit,0.73
Cisco Systems Canada,technology,company,0.96
Cisco Systems Canada Co.,technology,company,0.96
Citibank Canada,finance,company,1
Citizens for Public Justice,advocacy_nonprofit,nonprofit,1
Citizens' Climate Lobby Canada,advocacy_nonprofit,nonprofit,1
City Wide Communications Inc.,advocacy_nonprofit,company,0.51
City of Brampton,government_public,public_body,1
City of Leduc,government_public,public_body,1
City of Lloydminster,government_public,public_body,1
City of Prince Albert,government_public,public_body,1
City of Prince George,government_public,public_body,1
City of Trail,government_public,public_body,0.98
City of Victoria,government_public,public_body,1
City of Yorkton,government_public,public_body,0.99
CivicAction,advocacy_nonprofit,nonprofit,0.99
Civiconnect Youth Engagement Organization,advocacy_nonprofit,nonprofit,1
Clarence Crossing Regional Inc.,advocacy_nonprofit,nonprofit,0.76
Clean Economy Fund,advocacy_nonprofit,nonprofit,0.63
Clean Resource Innovation Network,advocacy_nonprofit,nonprofit,0.65
CleanSmart Canada,advocacy_nonprofit,nonprofit,0.45
Cleanfarms,agriculture_food,association,0.63
Clear Seas Centre for Responsible Marine Shipping,advocacy_nonprofit,nonprofit,0.4
ClearMe Inc.,advocacy_nonprofit,company,0.66
Clearspring Capital Partners,finance,company,0.93
Clearwater Seafoods Limited Partnership,agriculture_food,company,1
Climate Action Network Canada,advocacy_nonprofit,nonprofit,1
Climate Caucus Council,advocacy_nonprofit,nonprofit,1
Climate Change and Emissions Management (CCEMC) Corporation,advocacy_nonprofit,company,0.87
Climeworks Canada Ltd.,energy_resources,company,0.35
Clinical Trials Simplified,health_pharma,nonprofit,0.86
Clipper Navigation Limited,transport_infrastructure,company,0.75
Clorox Company of Canada,retail_manufacturing,company,1
Co-Operatives and Mutuals Canada,industry_association,association,0.72
Co-operative Housing Federation of Canada,advocacy_nonprofit,nonprofit,0.88
Co-operatives and Mutuals Canada,industry_association,association,0.72
Co-operatives and Mutuals Canada (CMC),industry_association,association,0.81
Coal Alliance,energy_resources,association,0.85
Coalition for Conscience and Expression,advocacy_nonprofit,nonprofit,1
Coalition for Healthy School Food (through Food Secure Canada),advocacy_nonprofit,nonprofit,1
Coalition for the Diversity of Cultural Expressions,advocacy_nonprofit,nonprofit,0.97
Coalition for the Diversity of Cultural Expressions (CDCE),advocacy_nonprofit,nonprofit,0.97
Coalition for the Factual Analysis of International Rail Freight Rates (FAIRR),transport_infrastructure,nonprofit,0.65
Coalition for the Factual Analysis of International Rail Rates (FAIRR Coalition c/o Western Grain Elevator Association),industry_association,association,0.48
Coast Capital Savings Federal Credit Union,finance,company,1
Coast Forest Products Association,industry_association,association,0.6
Cobalt Institute,industry_association,association,0.64
Cobalt Safety,energy_resources,nonprofit,0.3
Coca-Cola Limited,retail_manufacturing,company,0.79
Coca-Cola Ltd.,retail_manufacturing,company,0.72
Coca-Cola Refreshments Canada Company,retail_manufacturing,company,0.65
Cochlear Canada,health_pharma,company,0.97
Code for Canada,advocacy_nonprofit,nonprofit,0.95
Coeliaque Québec,advocacy_nonprofit,nonprofit,0.97
Coffee Association of Canada,industry_association,association,0.96
Cogeco Inc.,telecom_media,company,1
Cogeco inc.,telecom_media,company,1
Cohere,technology,company,0.97
Cohere Inc.,technology,company,1
Coinbase Group Inc,finance,company,0.97
College La Cité,education_research,nonprofit,0.94
College of Family Physicians of Canada,health_pharma,association,0.71
College of North Atlantic,education_research,nonprofit,0.98
College of Traditional Chinese Medicine Practitioners and Acupuncturists of Ontario,health_pharma,association,0.65
Colleges Ontario,education_research,association,0.99
Colleges and Institutes Canada,education_research,association,0.99
Colleges of Applied Arts and Technology (CAAT) Pension Plan / Régime de retraite des Collèges d'arts appliqués et de technologie (CAAT),education_research,nonprofit,0.55
Collège Nordique francophone,education_research,nonprofit,0.81
Colorectal Cancer Canada,advocacy_nonprofit,nonprofit,0.54
Colt Canada Corporation,defence_aerospace,company,0.99
Communitech Corporation,technology,company,0.45
Community Foundations of Canada,advocacy_nonprofit,nonprofit,1
Community Futures Network of Canada,advocacy_nonprofit,nonprofit,0.99
Community Living Toronto,advocacy_nonprofit,nonprofit,1
Community Music Schools of Toronto,advocacy_nonprofit,nonprofit,0.98
Community Radio Fund of Canada,advocacy_nonprofit,nonprofit,0.77
Community Rail Advocacy Alliance,advocacy_nonprofit,nonprofit,0.88
CommunityLogiq Software Inc.,technology,company,0.96
Compassion Canada,advocacy_nonprofit,nonprofit,1
Competitive Network Operators of Canada,telecom_media,association,0.72
Computer Research Institute of Montréal,education_research,nonprofit,0.9
Concordia University,education_research,nonprofit,1
Concrete Atlantic,transport_infrastructure,nonprofit,0.32
Concussion Legacy Foundation (Canada) Inc.,advocacy_nonprofit,nonprofit,0.91
Confederacy of Treaty Six First Nations,government_public,nonprofit,0.56
Confederation Centre of the Arts,advocacy_nonprofit,nonprofit,0.98
Conference for Advanced Life Underwriting,finance,association,0.57
Conference for Advanced Life Underwriting (CALU),finance,association,0.65
Congress of Aboriginal Peoples,advocacy_nonprofit,nonprofit,0.99
Conifer Energy,energy_resources,company,0.99
Connected Canadians,advocacy_nonprofit,nonprofit,0.82
ConnexOntario Health Services Information,health_pharma,nonprofit,0.91
ConocoPhillips Canada Resources Corp.,energy_resources,company,1
Consecon Foundation,advocacy_nonprofit,nonprofit,0.77
"Consolidated Credit Counseling Services of Canada, Inc.",advocacy_nonprofit,company,0.56
Consortium of Official Language Minority Community Media,advocacy_nonprofit,nonprofit,0.96
Constellation Brands,agriculture_food,company,0.48
Construction Foundation of BC,transport_infrastructure,association,0.51
Consumer Health Products Canada,health_pharma,association,0.6
Consumer Health Products of Canada,health_pharma,association,0.73
Consumer Technology Association,industry_association,association,0.88
Consumer's Union,advocacy_nonprofit,nonprofit,1
Continental Ultimate Inc.,advocacy_nonprofit,company,0.43
Convenience Industry Council of Canada,industry_association,association,0.94
Cooperation Canada,advocacy_nonprofit,nonprofit,0.96
Copibec,advocacy_nonprofit,association,0.48
Corbrook Awakening Abilities,advocacy_nonprofit,nonprofit,0.96
Cord3 Innovation Inc.,advocacy_nonprofit,company,0.38
Core Innovation,advocacy_nonprofit,nonprofit,0.48
Cornerstone Association of REALTORS,industry_association,association,0.72
Corporation Fort St. Jean,government_public,company,0.33
Corridor Communications Inc.,telecom_media,company,0.33
Corteva Agriscience Canada Company,agriculture_food,company,1
Corus Entertainment Inc.,telecom_media,company,1
Cosmetics Alliance Canada,industry_association,association,0.98
Cougar Helicopters Inc.,defence_aerospace,company,0.46
Coulson Aviation,transport_infrastructure,company,0.43
Council for Canadian American Relations,advocacy_nonprofit,nonprofit,0.99
Council for a Secure Canada,advocacy_nonprofit,nonprofit,0.78
Council for the Advancement of Native Development Officers (CANDO),advocacy_nonprofit,nonprofit,0.94
Council of Canadian Academies,advocacy_nonprofit,nonprofit,0.66
Council of Canadian Innovators,industry_association,nonprofit,0.47
Council of Canadians,advocacy_nonprofit,nonprofit,1
Council of Forest Industries,industry_association,association,0.61
"Council of Ministers of Education, Canada",government_public,public_body,0.69
Council of Ontario Universities,education_research,association,1
Counter Forced Labor Technologies,advocacy_nonprofit,nonprofit,0.48
"Covanta Burnaby Renewable Energy, ULC",energy_resources,company,1
Covenant Canadian Reformed Teachers College,education_research,nonprofit,0.82
Covenant Energy Ltd.,energy_resources,company,0.97
Covenant House Toronto,advocacy_nonprofit,nonprofit,1
Coveo Solutions Inc.,technology,company,1
Cowessess First Nation,government_public,nonprofit,0.98
Cox & Palmer,other,company,0.65
Craig Dellandrea,other,nonprofit,0.68
Creative Salmon Co. LTD.,agriculture_food,company,0.93
Creative Salmon Co. Ltd.,agriculture_food,company,0.92
Credit Union Central Alberta Ltd.,finance,company,0.98
Credit Union Central of Alberta,finance,association,0.73
Credit Union Central of Canada,industry_association,association,0.47
Cricket Canada,advocacy_nonprofit,nonprofit,0.87
Criterion Pictures,advocacy_nonprofit,nonprofit,0.63
Crohn's and Colitis Canada,advocacy_nonprofit,nonprofit,0.6
Cronos Group,other,company,0.18
Cronos Group Inc.,health_pharma,company,0.6
Cross River Infrastructure Partners,transport_infrastructure,company,0.98
Crossroads International,advocacy_nonprofit,nonprofit,1
Cruise Lines International Association,industry_association,association,0.99
Cruise Lines International Association - North West & Canada,industry_association,association,0.99
Crypto4A,industry_association,association,0.35
Crystal Beach South Coast Community,advocacy_nonprofit,nonprofit,0.97
Cuso International,advocacy_nonprofit,nonprofit,1
Customs and Immigration Union,advocacy_nonprofit,nonprofit,0.51
Cybergun,defence_aerospace,company,0.73
Cystic Fibrosis Canada,health_pharma,nonprofit,0.52
D & D Poultry,agriculture_food,association,0.97
D-WAVE SYSTEMS INC.,technology,company,1
D-Wave Quantum Inc.,technology,company,1
D-Wave Systems,technology,company,1
D-Wave Systems Inc.,technology,company,1
D2L Corporation,technology,company,0.88
DAIRY FARMERS OF CANADA,agriculture_food,association,0.58
DANONE Inc. / Danone inc.,agriculture_food,company,0.98
DATA Communications Management Corp,advocacy_nonprofit,company,0.46
DCNS,defence_aerospace,company,1
DEAN CONSTRUCTION,transport_infrastructure,company,0.98
DEFSEC Technologies,defence_aerospace,company,0.94
DEW Engineering and Development ULC,energy_resources,company,0.29
DIAGEO Canada Inc.,retail_manufacturing,company,0.85
DJI Technology Inc,technology,company,0.75
DJI Technology Inc.,technology,company,0.8
DNA Labs Canada,health_pharma,nonprofit,0.7
DOMTAR INC.,energy_resources,company,0.9
DP Energy Ireland Ltd.,energy_resources,company,0.99
DP World (Canada) Inc.,transport_infrastructure,company,1
DP World Limited,transport_infrastructure,company,1
DP World Prince Rupert Inc.,transport_infrastructure,company,1
DRS Technologies Canada Ltd.,defence_aerospace,company,0.9
DUCKS UNLIMITED CANADA,advocacy_nonprofit,nonprofit,1
DWCC,advocacy_nonprofit,nonprofit,0.41
DXC Technology Canada Co.,technology,company,1
Dadan Sivunivut,advocacy_nonprofit,nonprofit,0.6
Daily Bread Food Bank,advocacy_nonprofit,nonprofit,1
Dairy Farmers Of Manitoba,agriculture_food,association,0.61
Dairy Farmers of Canada,agriculture_food,association,0.58
Dairy Farmers of Manitoba,agriculture_food,association,0.66
Dairy Farmers of New Brunswick,agriculture_food,association,0.69
Dairy Farmers of Nova Scotia,agriculture_food,association,0.7
Dairy Farmers of Ontario,agriculture_food,association,0.58
Dairy Farmers of Ontario (DFO),agriculture_food,association,0.59
Dairy Farmers of Prince Edward Island,agriculture_food,association,0.72
Dairy Processors Association of Canada,agriculture_food,association,0.51
Dairy farmers of New Brunswick,agriculture_food,association,0.7
Dajcor Aluminum Ltd.,retail_manufacturing,company,0.71
Dalhousie University,education_research,nonprofit,1
Dalkia Canada Inc.,energy_resources,company,0.99
Dan's Legacy Foundation,advocacy_nonprofit,nonprofit,0.97
Danone Inc.,agriculture_food,company,0.98
Dapper Labs,technology,company,0.99
Dass Rebar,industry_association,association,0.67
Dassault Aviation,defence_aerospace,company,1
DataMetrex Al Limited,technology,company,0.44
David Suzuki Foundation,advocacy_nonprofit,nonprofit,1
David Suzuki Institute,advocacy_nonprofit,nonprofit,1
Davie Canada Yard Inc.,defence_aerospace,company,0.74
Dayforce Canada Ltd.,technology,company,0.92
De Havilland Aircraft of Canada Limited,defence_aerospace,company,1
"Deans Council - Agriculture, Food & Veterinary Medicine, (Deans Council AFVM)",agriculture_food,association,0.58
Dechinta Centre for Research and Learning,advocacy_nonprofit,nonprofit,0.68
Deep Sea Trawlers Association,agriculture_food,association,0.56
Deep Sky Corporation,other,company,0.5
Defeat Duchenne Canada,advocacy_nonprofit,nonprofit,0.81
Defend the movement Quebec,advocacy_nonprofit,nonprofit,0.98
Defense Metals Corp.,defence_aerospace,company,0.6
Definity Insurance Company,finance,company,1
Dejero,technology,company,0.38
Dejero Labs Inc,technology,company,0.54
Dell Products L.P,technology,company,0.98
Dell Technologies Canada,technology,company,1
Deltro Group Ltd,other,company,0.47
Denturist Association of Canada,health_pharma,association,0.4
Denvr Projects Ltd.,advocacy_nonprofit,company,0.39
Des Nedhe Development,advocacy_nonprofit,nonprofit,0.59
Des Nedhe Development LP,other,company,0.32
Desgagnés,transport_infrastructure,company,0.63
Desgagnés Logistik Inc.,transport_infrastructure,company,0.96
Designfusion,advocacy_nonprofit,nonprofit,0.5
"Detroit International Bridge Company, LLC",transport_infrastructure,company,1
"Dexcom Canada, Co.",health_pharma,company,1
Diabetes Canada,advocacy_nonprofit,nonprofit,0.48
Diageo Canada,retail_manufacturing,company,0.87
Dialogue Health Technologies Inc.,health_pharma,company,0.93
Digital Asset Business Council,industry_association,association,0.87
Digital First Canada,advocacy_nonprofit,nonprofit,0.4
Digital ID and Authentication Council of Canada,industry_association,association,0.45
Digital Media Association,telecom_media,association,0.59
Digital Moment,advocacy_nonprofit,nonprofit,0.71
Digital Research Alliance of Canada,industry_association,association,0.45
Digital Trust Canada,advocacy_nonprofit,nonprofit,0.61
Dignity Network Canada,advocacy_nonprofit,nonprofit,0.99
Direct Sellers Association of Canada,industry_association,association,0.98
Directors Guild of Canada,labour,association,0.76
Directors Guild of Canada (DGC) | Quebec District Council,labour,association,0.97
Disability Without Poverty,advocacy_nonprofit,nonprofit,1
Discovery Air Defence,defence_aerospace,nonprofit,0.95
Discovery Air Defence Inc.,defence_aerospace,company,0.99
Discovery Air Inc.,transport_infrastructure,company,0.56
Discovery Centre,advocacy_nonprofit,nonprofit,0.73
Distributed Compute Labs,technology,nonprofit,0.84
Distribution PA Canada Inc.,other,company,0.17
Diversified and Event-Funded National Sports Organizations,advocacy_nonprofit,nonprofit,0.93
Do North Events,advocacy_nonprofit,nonprofit,0.75
Doctors Without Borders Canada,advocacy_nonprofit,nonprofit,0.87
Doctors without Borders (MSF) Canada,advocacy_nonprofit,nonprofit,0.85
Documentary Organization of Canada,advocacy_nonprofit,nonprofit,0.69
Domingos Meat Packers (O/A Northern Farms),agriculture_food,company,0.99
Dominion Dynamics Inc.,other,company,0.58
Dominion Voting Systems,technology,company,0.95
Dominis Engineering Ltd.,other,company,0.43
DoorDash Inc,technology,company,0.95
Doordash Inc.,technology,company,0.94
Doornekamp Construction Ltd.,transport_infrastructure,company,0.99
Dow AgroSciences Canada Inc.,agriculture_food,company,1
Dow Chemical Canada ULC,retail_manufacturing,company,0.75
Dr. Sultan Khaled AL QAHTANI,advocacy_nonprofit,nonprofit,0.38
Draganfly Inc.,advocacy_nonprofit,company,0.34
Drakkar,other,nonprofit,0.43
Drax,energy_resources,company,1
Drone Delivery Canada,industry_association,association,0.49
Ducks Unlimited Canada,advocacy_nonprofit,nonprofit,1
Dumont Nickel,energy_resources,company,0.99
Dunrobin Distilleries,retail_manufacturing,company,0.4
Duolingo,technology,company,0.81
Dying With Dignity Canada,advocacy_nonprofit,nonprofit,0.99
Dynacare,health_pharma,company,0.91
Dynacert,other,company,0.21
"Dynatrace Corporation of Canada, LTD",technology,company,1
EDF - EN Canada Inc.,energy_resources,company,1
EDF EN Canada Inc,energy_resources,company,1
EDF Power Solutions,energy_resources,company,1
EDF Renewables Development Inc.,energy_resources,company,1
EKEAU,advocacy_nonprofit,nonprofit,0.33
ELECTRICITY CANADA,energy_resources,association,0.82
ELEVATE TORONTO,advocacy_nonprofit,nonprofit,0.71
EMD Serono,health_pharma,company,1
ENMAX Corporation,energy_resources,company,1
EPCOR Utilities Inc.,energy_resources,company,1
ERS International,advocacy_nonprofit,nonprofit,0.23
ESTEE LAUDER COMPANIES INC. (THE),retail_manufacturing,company,0.99
EVAH Corp,advocacy_nonprofit,company,0.4
EVANGELICAL FELLOWSHIP OF CANADA,advocacy_nonprofit,nonprofit,1
EXKA Inc.,other,company,0.41
Eagle Spirit Energy Holdings Ltd.,energy_resources,company,0.99
Eagle Spirit Group of Companies Holdings Ltd,advocacy_nonprofit,company,0.46
EarthDaily Analytics Corp.,technology,company,0.77
East Coast Environmental Law,advocacy_nonprofit,nonprofit,1
East Point Cattle Company,agriculture_food,company,0.96
Easter Seals Canada,advocacy_nonprofit,nonprofit,0.97
Easter Seals Nova Scotia,advocacy_nonprofit,nonprofit,0.98
Eastward Energy Incorporated,energy_resources,company,0.98
Eavor Technologies Inc.,energy_resources,company,0.87
Echelon Wellness Inc.,health_pharma,company,0.58
EcoJustice,advocacy_nonprofit,nonprofit,1
Ecojustice Canada,advocacy_nonprofit,nonprofit,1
Economic Development Regina Inc.,advocacy_nonprofit,nonprofit,0.57
Ecostrat,advocacy_nonprofit,nonprofit,0.72
Ecostrat Inc.,advocacy_nonprofit,company,0.7
Ecowaste Industries Ltd.,advocacy_nonprofit,company,0.36
"Edgewater Computer Systems, Inc.",technology,company,0.97
Edmonton Airports,transport_infrastructure,public_body,0.93
Edmonton Chamber of Commerce,industry_association,association,0.99
Edmonton Global,advocacy_nonprofit,nonprofit,0.64
Edmonton Symphony Orchestra,advocacy_nonprofit,nonprofit,1
Egg Farmers of Canada,agriculture_food,association,0.51
Ehattesaht First Nation,government_public,nonprofit,0.97
Ekona Power,energy_resources,company,0.9
Elder Abuse Prevention Ontario (EAPO),advocacy_nonprofit,nonprofit,1
Eldorado Gold Corporation,energy_resources,company,1
Eleanor Crook Foundation,advocacy_nonprofit,nonprofit,0.92
Electra,energy_resources,nonprofit,0.7
Electra Meccanica,transport_infrastructure,company,0.7
Electric Mobility Canada,industry_association,association,0.52
Electrical Contractors Association of Ontario,industry_association,association,0.99
Electricity Canada,energy_resources,association,0.78
Electricity Distributors Association,industry_association,association,0.59
Electro Carbon,energy_resources,nonprofit,0.62
Electro carbon,energy_resources,nonprofit,0.73
Electro-Federation Canada inc.,industry_association,association,0.8
Electronic Transactions Association,industry_association,association,0.64
Element AI Inc.,technology,company,1
Element5,advocacy_nonprofit,nonprofit,0.42
Elevate Living,advocacy_nonprofit,nonprofit,0.8
Elevra Lithium,energy_resources,company,0.97
Eli Lilly Canada Inc.,health_pharma,company,1
Elizabeth Fry Society of Greater Vancouver,advocacy_nonprofit,nonprofit,1
Elk Valley Resources,energy_resources,company,1
EllisDon Construction Services Inc.,transport_infrastructure,company,1
Emblem Cannabis,industry_association,association,0.65
Emera Incorporated,energy_resources,company,0.79
Emera Newfoundland and Labrador,energy_resources,company,0.95
Emergent BioSolutions Canada Inc.,health_pharma,company,0.99
Emirates Airline,transport_infrastructure,company,0.99
Empire Paving Limited,transport_infrastructure,company,0.96
EmpowerPharm Inc.,health_pharma,company,1
Empowerment Knowledge Working Academy (EKWA),advocacy_nonprofit,nonprofit,0.98
Enbridge Inc.,energy_resources,company,1
Enbridge inc.,energy_resources,company,1
Encana Corporation,energy_resources,company,1
End Homelessness St. John's,advocacy_nonprofit,nonprofit,1
Ending Sexual Violence Association of Canada,advocacy_nonprofit,nonprofit,1
Enercare Inc.,energy_resources,company,0.9
"Energir, L.P.",energy_resources,company,0.95
Energuy Canada Ltd.,energy_resources,company,0.94
Energy Connections Canada,energy_resources,association,0.75
Energy Council of Canada,energy_resources,association,0.71
Energy NL,energy_resources,association,0.89
Energy Storage Canada,industry_association,association,0.59
Energy Valero Inc.,energy_resources,company,1
EnergyX Solutions Inc.,energy_resources,company,0.97
Enerkem Inc.,energy_resources,company,0.95
Enerva Energy Solutions Inc.,energy_resources,company,0.99
Engineers Canada,industry_association,association,0.4
Engineers Without Borders (Canada) Organisation,advocacy_nonprofit,nonprofit,1
Enhance Energy Inc,energy_resources,company,0.98
Enhance Energy Inc.,energy_resources,company,0.97
Enserva,energy_resources,association,0.46
Entente Education Canada,advocacy_nonprofit,nonprofit,0.5
Entertainment One Ltd,telecom_media,company,1
Entertainment One Ltd.,telecom_media,company,1
Entertainment Software Association of Canada,industry_association,association,0.96
Entosystem,advocacy_nonprofit,nonprofit,0.46
Environmental Defence,advocacy_nonprofit,nonprofit,1
Environmental Defence Canada,advocacy_nonprofit,nonprofit,1
Environmental Defense Action Fund,advocacy_nonprofit,nonprofit,1
Environmental Defense Fund,advocacy_nonprofit,nonprofit,1
"Environmental Defense Fund, Incorporated",advocacy_nonprofit,nonprofit,1
Environmental Defense fund,advocacy_nonprofit,nonprofit,1
Enwave Energy Corporation,energy_resources,company,0.99
Eomax,other,nonprofit,0.41
Eonic Energy Inc.,energy_resources,company,0.98
Equal Routes,advocacy_nonprofit,nonprofit,0.88
Equal Voice,advocacy_nonprofit,nonprofit,0.99
Equal Voice (Foundation),advocacy_nonprofit,nonprofit,0.99
Equal Voice (National),advocacy_nonprofit,nonprofit,1
Equality Fund,advocacy_nonprofit,nonprofit,1
Equestrian Canada,advocacy_nonprofit,association,0.62
Equifax Canada Co.,finance,company,1
Equinix Inc.,technology,company,0.63
Equinor Canada Ltd,energy_resources,company,1
Equispheres,advocacy_nonprofit,nonprofit,0.55
Equitable Bank,finance,company,1
Ericsson Canada Inc.,telecom_media,company,0.92
Erie Meats,agriculture_food,company,0.95
Ernst & Young LLP,finance,company,0.76
Essilor Vision Foundation Canada,advocacy_nonprofit,nonprofit,0.56
Eth??s Lab,advocacy_nonprofit,nonprofit,0.88
Ethical Capital Partners,finance,company,0.87
Ethnic Channels Group Limited (via Lloyd Rang Communications),advocacy_nonprofit,company,0.57
Ethnicity Multicultural Marketing & Advertising Inc. on behalf of Ethnic Channels Group Limited,telecom_media,company,0.7
"Etsy, Inc",technology,company,0.52
Eureka! Ranch International Inc.,advocacy_nonprofit,company,0.41
Eurofins CDMO Alphora Inc.,health_pharma,company,1
European Liability Insurance for the Nuclear Industry,finance,association,0.8
EverWind Fuels Company,energy_resources,company,0.95
EverWind Ltd.,energy_resources,company,0.7
EverWind NS Holdings Ltd.,energy_resources,company,0.65
Evertz Microsystems Ltd,telecom_media,company,0.55
Evidence for Democracy,advocacy_nonprofit,nonprofit,1
Evolution Potash Inc.,energy_resources,company,0.94
Exka inc,other,company,0.41
Expedia Canada Corp,transport_infrastructure,company,0.38
Experiences Canada,advocacy_nonprofit,nonprofit,0.71
Explorers and Producers Association of Canada,energy_resources,association,0.8
Extrudex Aluminum Corp.,retail_manufacturing,company,0.83
ExxonMobil Canada Ltd.,energy_resources,company,1
FAIRR Coalition,advocacy_nonprofit,nonprofit,0.78
FCA Canada Inc.,finance,company,0.38
FEDERATION OF CANADIAN MUNICIPALITIES,government_public,association,0.97
FELIX & PAUL STUDIOS INC,technology,company,0.24
FILE HILLS QU'APPELLE TRIBAL COUNCIL INC.,government_public,nonprofit,0.95
FMA of Canada,industry_association,association,0.45
"FORIS, INC and its affiliated entity, FORIS DAX CAN ULC D/B/A CRYPTO.COM",finance,company,0.98
FP Canada,finance,association,0.55
FP Innovations,energy_resources,nonprofit,0.47
FPInnovations,energy_resources,nonprofit,0.4
FPX Nickel Corporation,energy_resources,company,0.99
FRIENDS OF THE CANADIAN MUSEUM FOR HUMAN RIGHTS INC.,advocacy_nonprofit,nonprofit,1
FWD50,advocacy_nonprofit,nonprofit,0.34
Fabienne Colas Foundation,advocacy_nonprofit,nonprofit,0.99
Facebook,technology,company,0.99
Facebook Canada Ltd.,technology,company,0.99
Factors Group of Nutritional Companies,health_pharma,company,0.33
Fair Tax Treatment for Responsible Digital Asset Mining Coalition,industry_association,association,0.67
Fair Tax Treatment for Responsible Digital Asset Mining Coalition (via Fasken Martineau DuMoulin LLP),industry_association,association,0.73
Family Service Toronto,advocacy_nonprofit,nonprofit,1
Farmers for Climate Solutions,advocacy_nonprofit,nonprofit,0.52
Farmers of North America,agriculture_food,association,0.76
Farmstrong,agriculture_food,nonprofit,0.74
Fasken Martineau DuMoulin LLP,other,company,0.9
Fear Is Not Love Society (Trade Name: Calgary Womens Emergency Shelter Association),advocacy_nonprofit,nonprofit,1
Federal Fleet Services Inc.,transport_infrastructure,company,0.31
Federally Regulated Employers - Transportation and Communications (FETCO),industry_association,association,0.77
Federated Co-operatives Limited,agriculture_food,association,0.42
Federation of Canadian Municipalities,government_public,association,0.97
Federation of Medical Women of Canada,advocacy_nonprofit,nonprofit,0.81
Federation of Sovereign Indigenous Nations,advocacy_nonprofit,nonprofit,0.59
Fednav,transport_infrastructure,company,0.84
Fednav International Ltd,transport_infrastructure,company,0.89
Fednav Limited,transport_infrastructure,company,0.91
Felix & Paul Studios,telecom_media,company,0.65
Fero International Inc.,other,company,0.56
Ferrero Canada,agriculture_food,company,0.48
Ferrero Canada Ltd.,agriculture_food,company,0.55
Fertility Matters Canada,advocacy_nonprofit,nonprofit,0.84
Fertilizer Canada,industry_association,association,0.77
Festival Hydro,energy_resources,nonprofit,0.67
Festivals And Major Events Canada,industry_association,association,0.8
Festivals and Major Events (FAME) Canada,industry_association,association,0.81
Festivals and Major Events (FAME) Canada /,industry_association,association,0.81
Fidelity Investments Canada ULC,finance,company,1
Field Trip Psychedelics Inc.,health_pharma,company,0.6
Filament Health,health_pharma,nonprofit,0.91
FinanceOps,finance,association,0.77
Financial Advisory Board of Canada,finance,nonprofit,0.83
Financial Data And Technology Association,finance,association,0.6
Financial Data and Technology Association,finance,association,0.58
Financial Data and Technology Association - North America,finance,association,0.53
Finica Food Specialties Ltd,agriculture_food,company,0.96
Fintechs Canada,finance,association,0.55
Fire Eye Inc.,technology,company,0.91
FireSwarm Solutions,advocacy_nonprofit,company,0.46
Fireweed Metals,energy_resources,company,0.99
Fireweed Metals Corp.,energy_resources,company,0.99
First Call Child and Youth Advocacy Society,advocacy_nonprofit,nonprofit,1
First Kaska GP Ltd,health_pharma,company,0.41
First Kaska GP Ltd.,health_pharma,company,0.3
First Nation Land Governance Registry Inc.,advocacy_nonprofit,nonprofit,0.71
First Nations Bank of Canada and FNB Trust,finance,company,0.99
First Nations Education Steering Committee,advocacy_nonprofit,nonprofit,0.92
First Nations Finance Authority,government_public,nonprofit,0.56
First Nations Financial Authority,government_public,nonprofit,0.49
First Nations Fisheries Society (First Nations Fisheries Council of British Columbia),advocacy_nonprofit,nonprofit,0.69
First Nations Major Project Coalition,advocacy_nonprofit,nonprofit,0.78
First Nations Major Projects Coalition Society,advocacy_nonprofit,nonprofit,0.88
First Nations University of Canada,education_research,nonprofit,0.77
First Nations Wild Salmon Alliance,advocacy_nonprofit,nonprofit,0.91
First Nations' Emergency Services Society,advocacy_nonprofit,nonprofit,0.94
First Peoples Pipeline LNG Inc.,energy_resources,company,0.98
First Phosphate Corp.,energy_resources,company,0.82
First Quantum Minerals,energy_resources,company,1
First Quartz Corp.,other,company,0.35
First West Credit Union,finance,company,1
First Work,advocacy_nonprofit,nonprofit,0.35
Fisher River Band,government_public,nonprofit,0.96
Fisheries Council of Canada,agriculture_food,association,0.75
Fitness Industry Council of Canada,industry_association,association,1
Fitzrovia,advocacy_nonprofit,nonprofit,0.4
Fitzrovia Real Estate,transport_infrastructure,company,0.98
Flair Airlines Ltd.,transport_infrastructure,company,0.99
"Flair Airlines, Ltd.",transport_infrastructure,company,1
Flinks,technology,company,0.37
Flinks Technology Inc.,technology,company,0.96
Flix North America Inc.,telecom_media,company,0.85
Flourish Foundation,advocacy_nonprofit,nonprofit,0.98
Fontem Ventures,advocacy_nonprofit,nonprofit,0.31
Food Allergy Canada,advocacy_nonprofit,nonprofit,0.97
Food Banks Canada,advocacy_nonprofit,nonprofit,1
Food Packaging Institute,industry_association,association,0.87
Food Processors of Canada,agriculture_food,association,0.6
Food Producers of Canada,agriculture_food,association,0.74
Food Secure Canada,advocacy_nonprofit,nonprofit,0.89
Food and Beverage Canada,industry_association,association,0.49
"Food, Health & Consumer Products of Canada",industry_association,association,0.68
Food4Kids Muskoka,advocacy_nonprofit,nonprofit,0.98
Foran Mining,energy_resources,company,1
Foran Mining Corp.,energy_resources,company,1
Foran Mining Corporation,energy_resources,company,1
"Ford Motor Company of Canada, Ltd.",transport_infrastructure,company,0.99
Forest Products Association of Canada,industry_association,association,0.77
Forging Industry Association,industry_association,association,0.99
"Foris DAX, Inc.",other,company,0.36
Fort McKay First Nation,government_public,nonprofit,1
Fort McMurray Airport Authority,transport_infrastructure,public_body,0.87
Fortinet Inc.,technology,company,1
Fortis Inc.,finance,company,0.27
FortisAlberta Inc.,energy_resources,company,0.75
FortisBC Energy Inc.,energy_resources,company,1
Foster Moore,other,nonprofit,0.42
Foundation for Black Communities,advocacy_nonprofit,nonprofit,1
Foundation for Environmental Stewardship,advocacy_nonprofit,nonprofit,1
Foundation for Resilient Health,advocacy_nonprofit,nonprofit,0.49
Foundation for Resilient Health a subsidiary of the New Brunswick Lung Association,health_pharma,nonprofit,0.59
Fox Lake Cree Nation,government_public,nonprofit,1
Fox River Resources Corporation,energy_resources,company,0.98
Fraser River Pile & Dredge (GP) Inc.,transport_infrastructure,company,0.96
Fraser Surrey Docks LP,transport_infrastructure,company,0.97
Fraserview Cedar Products Ltd.,energy_resources,company,0.87
Fredericton International Airport,transport_infrastructure,public_body,0.9
Fredericton International Airport Authority Inc.,transport_infrastructure,company,0.99
Freedom Mobile Inc.,telecom_media,company,0.97
Freight Management Association of Canada,industry_association,association,0.82
Fresh Air Educators,advocacy_nonprofit,nonprofit,0.63
FreshBooks Inc.,technology,company,0.9
Freshouse Foods,agriculture_food,company,0.96
Friends of Canadian Broadcasting,advocacy_nonprofit,nonprofit,0.92
Friends of Victoria Basketball,advocacy_nonprofit,nonprofit,0.98
Frontier Duty Free Association,industry_association,association,0.96
Frontline Financial Credit Union Limited,finance,company,1
Fruit & Vegetable Growers of Canada,agriculture_food,association,0.6
Fuel Cell Electric Vehicle (FCEV) Coalition through Fasken Martineau DuMoulin LLP,industry_association,association,0.78
Funeral Service Association of Canada,industry_association,association,0.98
Fur Institute of Canada,industry_association,association,0.92
Future of Infrastructure Group,transport_infrastructure,nonprofit,0.38
Futurpreneur Canada,advocacy_nonprofit,nonprofit,0.91
FÉDÉRATION DES CAISSES DESJARDINS DU QUÉBEC,finance,association,0.97
Fédération culturelle canadienne-française,advocacy_nonprofit,nonprofit,1
Fédération des communautés francophones et acadienne du Canada,advocacy_nonprofit,nonprofit,1
Fédération nationale des communications et de la culture,telecom_media,association,0.58
G.V.A. Distribution Inc.,industry_association,company,0.25
G15+,advocacy_nonprofit,nonprofit,0.29
GATX Rail Canada,transport_infrastructure,company,1
GCT Global Container Terminals Inc.,transport_infrastructure,company,1
GE HealthCare Technologies Canada,health_pharma,company,1
GE Hitachi Nuclear Energy Americas LLC,energy_resources,company,1
GENERAL MOTORS OF CANADA COMPANY,transport_infrastructure,company,0.99
GEPR Energy Canada Inc.,energy_resources,company,0.95
GHGSat Inc.,technology,company,0.71
GILDAN ACTIVEWEAR INC.,retail_manufacturing,company,1
GIV3,advocacy_nonprofit,nonprofit,0.58
GREENPEACE CANADA,advocacy_nonprofit,nonprofit,1
GS1 Canada,industry_association,association,0.95
GTMA Canada Global Health Association,health_pharma,association,0.43
Gakinoamaage: Teach For Canada,advocacy_nonprofit,nonprofit,0.97
Gala Bakery Ltd.,agriculture_food,company,0.61
Gap Inc.,retail_manufacturing,company,1
Garaga Inc.,other,company,0.36
Garda Security Screening Inc.,defence_aerospace,company,0.92
Gartner Canada,technology,company,0.74
Gateway Casinos & Entertainment Limited,other,company,0.58
"Gavi, the Vaccine Alliance",advocacy_nonprofit,nonprofit,0.57
Gay Lea Foods,agriculture_food,company,0.98
Gay Lea Foods Co-operative Limited,agriculture_food,company,0.98
Gay Lea Foods Co-operative Ltd,agriculture_food,company,0.99
Gay Lea Foods Cooperative Inc,agriculture_food,company,0.99
Gay Lea Foods Cooperative Ltd,agriculture_food,company,0.98
Gazoduq Inc.,energy_resources,company,0.91
Gazoduq inc.,energy_resources,company,0.91
Geloso Group,other,company,0.35
Gender Creative Kids Canada,advocacy_nonprofit,nonprofit,1
"General Atomics Aeronautical Systems, Inc.",defence_aerospace,company,1
General Dynamics Land Systems-Canada,defence_aerospace,company,1
General Dynamics Mission Systems Canada,defence_aerospace,company,1
General Dynamics Ordnance and Tactical Systems - Canada Inc.,defence_aerospace,company,1
General Fusion,energy_resources,company,0.96
General Fusion Inc,energy_resources,company,0.95
Generate Canada,advocacy_nonprofit,nonprofit,0.6
Generate Upcycle,advocacy_nonprofit,nonprofit,0.95
Generation PGM,advocacy_nonprofit,nonprofit,0.64
Generation Squeeze,advocacy_nonprofit,nonprofit,0.98
Genesee & Wyoming Inc.,transport_infrastructure,company,1
Genics Inc,health_pharma,company,0.75
Genics Inc.,health_pharma,company,0.76
Genome Canada,education_research,nonprofit,0.41
Genworth Financial (Canada),finance,company,1
Genworth MI Canada,finance,company,1
Genzyme Canada,health_pharma,company,1
GeoComply Solutions Inc.,technology,company,0.6
GeoSpectrum Technologies Inc.,technology,company,0.68
Geomatics Industry Alliance,industry_association,association,0.98
Geoscientists Canada,industry_association,association,0.33
Geospectrum Technologies Inc.,technology,company,0.68
Gerdau Ameristeel Corporation,retail_manufacturing,company,0.84
Gestion evenko Inc,advocacy_nonprofit,company,0.45
Gildan Activewear Inc.,retail_manufacturing,company,1
Gilead Sciences Canada,health_pharma,company,1
Giller Prize/The Giller Foundation,advocacy_nonprofit,nonprofit,0.98
Gilles Labbé,other,nonprofit,0.66
Ginoogaming First Nation,government_public,nonprofit,0.52
Gitanyow Fisheries Authority,government_public,nonprofit,0.61
GlaxoSmithKline Consumer Healthcare ULC,health_pharma,company,0.99
GlaxoSmithKline Inc.,health_pharma,company,1
Glenbow Museum,advocacy_nonprofit,nonprofit,0.95
Glencore Canada Corporation,energy_resources,company,1
Glencore plc,energy_resources,company,1
Global Ag Risk Solutions Corporation,agriculture_food,company,0.82
Global Automakers of Canada,industry_association,association,0.86
Global Centre for Pluralism,advocacy_nonprofit,nonprofit,1
Global Cold Chain Alliance,industry_association,association,0.94
Global Container Terminals,transport_infrastructure,company,0.94
Global Marine Group,industry_association,company,0.32
Global Organization of Parliamentarians against Corruption (GOPAC),advocacy_nonprofit,nonprofit,1
Global Partnership for Education,advocacy_nonprofit,nonprofit,1
Global Poverty Project Canada (Global Citizen),advocacy_nonprofit,nonprofit,1
Global Relay Communications Inc.,telecom_media,company,0.87
Global Silicones Council,industry_association,association,1
Global University Systems,education_research,company,0.99
Global University Systems Canada Holdings Inc,education_research,company,1
Global University Systems Canada Holdings Inc.,education_research,company,0.99
Globalfaces Direct,advocacy_nonprofit,nonprofit,0.7
Globalive Capital Inc.,finance,company,0.64
Globalive Wireless Management Corp.,telecom_media,company,0.99
Globe Theatre,advocacy_nonprofit,nonprofit,0.93
GoFundMe,advocacy_nonprofit,company,0.36
Goderich Port Management Corp.,transport_infrastructure,company,0.99
Gold Leaf Energy Gas Finance Inc.,energy_resources,company,0.76
Goldcorp Inc,energy_resources,company,1
Golf Canada,advocacy_nonprofit,association,0.65
Goodyear Canada Inc.,transport_infrastructure,company,0.65
Google Canada,technology,company,1
Google Canada Corporation,technology,company,1
Google Cloud Canada Corporation,technology,company,1
Gore Mutual Insurance Company,finance,company,1
Grace Street Media,telecom_media,company,0.44
Grain Farmers of Ontario,agriculture_food,association,0.79
Grain Growers of Canada,agriculture_food,association,0.71
Grain Workers Union Local 333,labour,nonprofit,0.99
Grand Challenges Canada,advocacy_nonprofit,nonprofit,0.92
Grape Growers of Ontario,agriculture_food,association,0.52
Great Canadian Railtour Company Ltd.,transport_infrastructure,company,0.97
Great Lakes Aquatic Habitat Network and Fund (commonly know as Freshwater Future),advocacy_nonprofit,nonprofit,1
Great Lakes Fishery Commission,agriculture_food,nonprofit,0.47
Great Lakes and St-Lawrence Cities Initiative,government_public,nonprofit,0.77
Great Northern Way Campus,education_research,nonprofit,0.26
Great-West Lifeco Inc.,finance,company,1
Greater Toronto Airport Authority,transport_infrastructure,public_body,0.98
Greater Toronto Airports Authority,transport_infrastructure,public_body,0.97
Greater Vancouver Board of Trade,industry_association,association,1
Greater Victoria Harbour Authority,transport_infrastructure,public_body,0.62
Green Communities Canada,advocacy_nonprofit,nonprofit,1
Green Cross Biotherapeutics Inc,health_pharma,company,1
Green Impact Partners,advocacy_nonprofit,nonprofit,0.97
Green Shield Canada,health_pharma,nonprofit,0.43
Green Shield Holdings Inc.,other,company,0.31
GreenCentre Canada,advocacy_nonprofit,nonprofit,0.98
GreenFirst Forest Products,energy_resources,company,0.88
GreenShield,advocacy_nonprofit,nonprofit,0.45
Greenfield Global Inc.,advocacy_nonprofit,company,0.47
Greengate Power Corporation,energy_resources,company,0.99
Grey Wolf Animal Health Inc.,health_pharma,company,0.74
Greyhound Canada Transportation Corporation,transport_infrastructure,company,0.99
Grid United Canada Ltd.,energy_resources,company,0.6
Grieg Seafood,agriculture_food,company,1
Groupe 3737,other,association,0.67
Groupe CLR Trois-Rivieres,other,association,0.3
Groupe JAMP Pharma,health_pharma,company,1
Groupe Marcelle Inc,other,company,0.37
Groupe Meloche,other,company,0.27
Groupe Norbec Inc.,other,company,0.37
Groupe Quorum,advocacy_nonprofit,company,0.41
Grow Tech Labs,technology,nonprofit,0.62
Guelph & District Association of REALTORS,industry_association,association,0.67
Guelph & District Home Builders' Association,industry_association,association,0.93
Guilde des musiciens et musiciennes du Québec (GMMQ),labour,association,0.89
Gulf Islands Seniors' Residence Association,advocacy_nonprofit,nonprofit,0.96
Gwich'in Tribal Council,government_public,nonprofit,0.81
Gwichin Tribal Council,government_public,nonprofit,0.88
H & G CONTROl,other,company,0.53
"H&R Block Canada, Inc.",finance,company,0.82
"HEAL, Organizations for Health Action",advocacy_nonprofit,nonprofit,0.66
HEC Montreal,education_research,nonprofit,0.97
HIV Legal Network,advocacy_nonprofit,nonprofit,0.99
HIVE Blockchain Technologies Ltd.,technology,company,0.89
HOMEFY Inc.,advocacy_nonprofit,company,0.26
HONDA CANADA INC.,transport_infrastructure,company,0.99
HOTEL ASSOCIATION OF CANADA,industry_association,association,1
HP Canada Co.,technology,company,0.98
HRC Innovations Inc.,other,company,0.37
"HUMAN RIGHTS WATCH, INC",advocacy_nonprofit,nonprofit,1
"HUMAN RIGHTS WATCH,INC",advocacy_nonprofit,nonprofit,1
Ha'oom Fisheries Society,agriculture_food,association,0.81
Habitat for Humanity,advocacy_nonprofit,nonprofit,1
Habitat for Humanity Canada,advocacy_nonprofit,nonprofit,1
Haleon Canada,health_pharma,company,0.99
Halifax Port Authority,transport_infrastructure,public_body,0.79
Halton Industry Education Council,industry_association,association,0.62
Halton Region,government_public,public_body,0.98
Hamilton Container Terminal,transport_infrastructure,company,1
Hamilton International Airport,transport_infrastructure,company,0.96
Hamilton International Airport Ltd.,transport_infrastructure,company,1
Hamilton Port Authority,transport_infrastructure,public_body,0.89
Hannover Rück SE,finance,company,1
Har-Tru,industry_association,company,0.48
Harbo Technologies Ltd.,technology,company,0.7
Harbour Air Ltd.,transport_infrastructure,company,1
Harbour Air Seaplanes,transport_infrastructure,company,0.99
Harbourfront Corporation (1990) o/a Harbourfront Centre,transport_infrastructure,company,0.43
Harmony Juvenile Products,retail_manufacturing,company,0.63
Harry Freeman and Son Limited,other,company,0.68
Harry Winston Diamond Corporation,retail_manufacturing,company,0.88
Hashomer Hatzair Young Guard (Heart to Heart),advocacy_nonprofit,nonprofit,1
Hatch,industry_association,company,0.22
Haudenosaunee Development Institute,advocacy_nonprofit,nonprofit,0.59
Havana House Cigar and Tobacco Merchants Limited,retail_manufacturing,company,0.78
Health Action Lobby,advocacy_nonprofit,nonprofit,0.52
Health Charities Coalition of Canada,health_pharma,nonprofit,0.88
HealthCareCAN,health_pharma,association,0.75
Healthcare of Ontario Pension Plan,finance,nonprofit,0.99
HealthcareCAN,health_pharma,nonprofit,0.81
Heart and Stroke Foundation of Canada,health_pharma,nonprofit,0.55
"Hearth, Patio & Barbecue Association of Canada",industry_association,association,0.99
Heartland Generation Ltd.,advocacy_nonprofit,company,0.66
"Heating, Refrigeration & Air Conditioning Institute of Canada",industry_association,association,1
Heavy Duty Aftermarket Canada (HDAC),industry_association,association,0.75
Heavy Duty Distributor Council,industry_association,association,0.88
Heavy Duty Distributor Council (HDDC),industry_association,association,0.9
Heddle Marine Service Inc.,defence_aerospace,company,0.27
"Heico 2004 Member, Inc.",defence_aerospace,company,0.7
Heidelberg Materials,retail_manufacturing,company,0.44
Heidelberg Materials Canada Limited,energy_resources,company,0.4
Helicopter Association of Canada,industry_association,association,0.93
Helicopter Transport Services,transport_infrastructure,company,0.75
Heliolytics,defence_aerospace,nonprofit,0.41
Helium Developers Association of Canada,industry_association,association,0.45
Helmets to Hardhats,advocacy_nonprofit,nonprofit,0.45
Heritage Gas Limited,energy_resources,company,0.99
Hewlett Packard Enterprise Canada Co.,technology,company,1
Hifi Engineering,industry_association,association,0.64
High Liner Foods Inc.,agriculture_food,company,1
High Liner foods Inc,agriculture_food,company,1
High Tide Inc.,advocacy_nonprofit,company,0.38
Highway 3 Twinning Development Association,advocacy_nonprofit,nonprofit,0.57
Hillcrest Energy Technologies Ltd.,energy_resources,company,0.99
Hims & Hers Canada,health_pharma,company,0.98
Hims & Hers Canada Inc.,health_pharma,company,0.99
"Hims & Hers Health, Inc.",health_pharma,company,1
Historic Ottawa Development Inc.,advocacy_nonprofit,nonprofit,0.68
Hitachi Canada,technology,company,0.79
Hitachi Energy Canada Inc.,energy_resources,company,0.99
Hitachi Rail Canada Inc.,transport_infrastructure,company,1
Hitachi Rail GTS Canada Inc.,transport_infrastructure,company,1
Hockey Canada,advocacy_nonprofit,nonprofit,0.93
Hoffman-La Roche Limited,health_pharma,company,1
Hoffmann-La Roche Limited,health_pharma,company,1
Hologic Canada ULC,health_pharma,company,1
Home Depot Canada Foundation,advocacy_nonprofit,nonprofit,0.53
Home Hardware Stores Ltd.,retail_manufacturing,company,0.92
Honda Canada Inc.,transport_infrastructure,company,0.99
Honeywell International,defence_aerospace,company,0.99
"Honeywell Limited, a Canada corporation",defence_aerospace,company,0.93
Hope Air,advocacy_nonprofit,nonprofit,0.82
Hope Bay Mining Limited,energy_resources,company,1
Horizant,other,company,0.3
Horizon Maritime,transport_infrastructure,association,0.5
Horizon Therapeutics Canada,health_pharma,company,1
Horizon West Infrastructure Fund Inc.,transport_infrastructure,company,0.53
Hot Docs,advocacy_nonprofit,nonprofit,0.87
Hotel Association of Canada,industry_association,association,1
Hotels Canada,industry_association,association,1
Housing Services Corporation,transport_infrastructure,association,0.37
Howie Sacks & Henry,other,nonprofit,0.17
"Huawei Technologies Canada Co., Ltd.",technology,company,0.84
Hudbay Minerals Inc,energy_resources,company,1
Hugh's Room Live,advocacy_nonprofit,nonprofit,0.89
Human Research Accreditation Canada,advocacy_nonprofit,nonprofit,0.58
Humane World for Animals Canada,advocacy_nonprofit,nonprofit,1
Humanitarian Coalition,advocacy_nonprofit,nonprofit,1
Humanity & Inclusion Canada,advocacy_nonprofit,nonprofit,1
Humi Holdings Corp,other,company,0.56
Huntington Society of Canada,advocacy_nonprofit,nonprofit,0.72
Huntington Ventures Ltd.,other,company,0.54
Huron-Wendat Nation,government_public,nonprofit,0.96
Husky Oil Operations Limited,energy_resources,company,1
Hut 8 Corp.,technology,company,0.95
Hut 8 Mining Corp.,energy_resources,company,0.58
Huu-ay-aht First Nation,government_public,nonprofit,0.98
Huu-ay-aht First Nations,government_public,nonprofit,0.94
Huu-ay-aht Nation,government_public,nonprofit,0.98
Huuayaht First Nation,government_public,nonprofit,0.98
Hycamite TCD Technologies Ltd.,technology,company,0.83
"Hydro Extrusion Canada, Inc.",retail_manufacturing,company,0.9
Hydro One Limited,energy_resources,company,1
Hydro One Networks Inc,energy_resources,company,1
Hydro-Quebec,energy_resources,public_body,0.73
Hydrogen Naturally Inc,energy_resources,company,0.78
Hydrogen Naturally Inc.,energy_resources,company,0.81
Hymopack Ltd,retail_manufacturing,company,0.24
Hyundai Auto Canada,transport_infrastructure,company,0.99
Héroux-Devtek Inc.,defence_aerospace,company,0.99
IAMGOLD Corporation,energy_resources,company,1
"IATSE (International Alliance of Theatrical Stage Employees, Moving Picture Technicians, Artists and Allied Crafts of the United States, its Territories and Canada)",labour,nonprofit,1
IATSE - International Alliance of Theatrical Stage Employees,labour,nonprofit,1
IBM Canada Limited,technology,company,1
IBM Canada Ltd.,technology,company,1
ICE RIVER SPRINGS WATER CO. INC.,retail_manufacturing,company,0.52
ICI Télévision (CFHD-DT Montréal),telecom_media,nonprofit,0.94
IDA Canada,advocacy_nonprofit,nonprofit,0.46
IELTS (The Partners),education_research,association,0.5
IELTS (The Partners) - Coalition,advocacy_nonprofit,nonprofit,0.46
IFRS FOUNDATION (ISSB) MONTREAL,advocacy_nonprofit,nonprofit,0.56
IGNITE Association,advocacy_nonprofit,association,0.93
IGNITE Infrastructure Association Inc.,industry_association,association,0.54
IGPC Ethanol Inc,industry_association,company,0.42
IKEA Canada Ltd. Partnership,retail_manufacturing,company,1
IKEA Canada Partnership Limited,retail_manufacturing,company,1
ILWU Local 333,labour,nonprofit,1
IMPACT Transforming Natural Resource Management,advocacy_nonprofit,nonprofit,0.97
IMPERIAL TOBACCO CANADA LIMITED,retail_manufacturing,company,0.9
IMT Defence,defence_aerospace,nonprofit,0.93
IMT Group,industry_association,association,0.31
ING Robotic Aviation Inc.,defence_aerospace,company,0.91
INNIO Waukesha Canada Corporation,energy_resources,company,0.94
INSURANCE BUREAU OF CANADA/BUREAU D'ASSURANCE DU CANADA,industry_association,association,0.6
INTERNATIONAL ASSOCIATION OF FIRE FIGHTERS (IAFF),labour,association,1
INTERNATIONAL TRADEMARK ASSOCIATION,industry_association,association,0.96
INTERVAC - INTERNATIONAL VACCINE CENTRE,health_pharma,nonprofit,0.86
INVENERGY RENEWABLES CANADA DEVELOPMENT ULC,energy_resources,company,1
IPEX Group,industry_association,company,0.49
IQVIA Solutions Canada Inc.,health_pharma,company,0.98
ISBRG Corp.,other,company,0.41
ITPS (Canada) Inc.,industry_association,company,0.27
Idorsia Pharmaceuticals Canada Ltd,health_pharma,company,1
Imagine Canada,advocacy_nonprofit,nonprofit,0.93
Impala Canada,energy_resources,company,0.31
Impala Canada Limited,energy_resources,company,0.52
Imperial Oil Limited,energy_resources,company,1
Imperial Tobacco Canada Limited,retail_manufacturing,company,0.89
Impossible Foods,agriculture_food,company,0.98
InDro Robotics Inc.,technology,company,0.86
Inclusion Canada,advocacy_nonprofit,nonprofit,1
Independant First Nations Alliance (IFNA),advocacy_nonprofit,nonprofit,0.91
Independent Broadcast Group,telecom_media,association,0.92
Independent First Nation Alliance (IFNA),advocacy_nonprofit,nonprofit,0.79
Independent First Nations Alliance,advocacy_nonprofit,nonprofit,0.91
Independent Jewish Voices Canada,advocacy_nonprofit,nonprofit,1
Independent Telecommunications Providers Association,industry_association,association,0.5
Indigenous Heritage Circle,advocacy_nonprofit,nonprofit,0.95
Indigenous Leadership Initiative,advocacy_nonprofit,nonprofit,0.98
Indigenous Water Partnership,advocacy_nonprofit,nonprofit,0.97
Indivior Canada Ltd.,health_pharma,company,1
Indspire,advocacy_nonprofit,nonprofit,0.98
"InductEV, Inc.",transport_infrastructure,company,0.75
Industrial Gas Users Association,industry_association,association,0.94
"Industry Task Force II on 2,4-D Research Data",industry_association,association,0.78
Indwell,advocacy_nonprofit,nonprofit,0.91
Infection Prevention and Control Canada,health_pharma,nonprofit,0.51
Infinite Compute Infrastructure Inc,technology,company,0.97
Information Technology Association of Canada,industry_association,association,0.76
Information and Communications Technology Council,industry_association,association,0.71
Infosys Public Services Canada Inc.,technology,company,1
Innergex Renewable Energy Inc.,energy_resources,company,1
Inno-centre,advocacy_nonprofit,nonprofit,0.73
Innovation Credit Union,finance,nonprofit,0.99
Innovation Gatineau,industry_association,nonprofit,0.33
Innovative Medecines Canada,health_pharma,company,0.99
Innovative Medicines Canada,health_pharma,association,0.76
Innu Nation,government_public,nonprofit,0.94
Institute for Canadian Citizenship,advocacy_nonprofit,nonprofit,1
Institute for Ocean Research Enterprise (IORE),education_research,nonprofit,0.69
Institute for Quantum Computing,education_research,nonprofit,0.95
Institute of Canadian Agencies,advocacy_nonprofit,association,0.68
Institute of Ocean Research Enterprise (IORE),education_research,nonprofit,0.81
Insurance Brokers Association of Canada,industry_association,association,0.55
Insurance Brokers Association of Ontario,industry_association,association,0.59
Intact Financial Corporation,finance,company,1
Intellectual Property Institute of Canada,industry_association,association,0.51
Intelline Inc.,advocacy_nonprofit,company,0.38
Inter Pares,advocacy_nonprofit,nonprofit,1
Inter Pipeline Ltd.,energy_resources,company,1
InterPro Pipe + Steel,industry_association,association,0.49
Interac Association,finance,association,0.62
Interac Corp,finance,company,0.98
Interac Corp.,finance,company,0.98
International Association of Conference Interpreters (AIIC),industry_association,association,0.33
International Association of Heat and Frost Insulators & Allied Workers,labour,association,0.99
International Association of Heat and Frost Insulators and Allied Workers,labour,association,1
International Boreal Conservation Campaign,advocacy_nonprofit,nonprofit,1
International Boreal Conservation Campaign (formerly Canadian Boreal Initiative),advocacy_nonprofit,nonprofit,1
International Boreal Conservation Campaign (via contract with Ducks Unlimited Canada),advocacy_nonprofit,nonprofit,1
International Boreal Conservation Campaign (via contract with Ducks Unlimited Inc),advocacy_nonprofit,nonprofit,1
International Brotherhood of Boilermakers,labour,nonprofit,1
International Brotherhood of Electrical Workers First District,labour,nonprofit,1
International Business University,education_research,nonprofit,0.96
International Centre for Infectious Diseases,advocacy_nonprofit,nonprofit,0.61
International Cheese Council of Canada,industry_association,association,0.54
International Civil Liberties Monitoring Group,advocacy_nonprofit,nonprofit,1
International Fresh Produce Association,industry_association,association,0.57
International Fund for Animal Welfare (IFAW),advocacy_nonprofit,nonprofit,1
"International Information System Security Certification Consortium, Inc. (ISC2)",technology,association,0.74
International Institute for Sustainable Development,advocacy_nonprofit,nonprofit,1
International Justice Mission Canada,advocacy_nonprofit,nonprofit,1
International Longshore and Warehouse Union - Canada,labour,nonprofit,1
International Longshore and Warehouse Union Canada,labour,nonprofit,1
International Ship-Owners Alliance of Canada Inc. (ISAC),industry_association,association,0.89
International Union of Operating Engineers,labour,nonprofit,1
International Union of Operating Engineers - Local 115,labour,nonprofit,1
International Union of Operating Engineers Local 963,labour,nonprofit,1
International Union of Painters and Allied Trades,labour,nonprofit,1
International Wood Products Association,industry_association,association,0.88
Internet Service Provider Coalition,telecom_media,association,0.52
Internet Society,advocacy_nonprofit,nonprofit,0.98
Interpro Pipe and Steel,energy_resources,association,0.4
Interwoven Connections,advocacy_nonprofit,nonprofit,0.87
Intuit Canada,technology,company,0.7
Intuit Inc.,technology,company,0.75
Inuit Development Corporation Association,advocacy_nonprofit,association,0.53
Inuit Development Corporation Association (IDCA),advocacy_nonprofit,association,0.6
Inuit Heritage Trust,advocacy_nonprofit,nonprofit,0.95
Invasive Species Centre,advocacy_nonprofit,nonprofit,1
Invenergy Wind Canada Development ULC,energy_resources,company,1
Invest Ottawa,industry_association,nonprofit,0.56
Investment Industry Association of Canada,industry_association,association,0.49
Iogen Corporation,energy_resources,company,0.91
Iogen Energy Corporation,energy_resources,company,0.99
Iotron Industries Canada Inc.,technology,company,0.38
Iridium Satellite Canada Limited,telecom_media,company,0.99
Iris Energy Limited,energy_resources,company,0.94
Iris Technologies Inc.,technology,company,0.92
Iris Technologies Inc. (IRISTEL),technology,company,0.87
Iristel Inc.,telecom_media,company,0.99
Iron Block 103 Corporation,other,company,0.49
Irving Oil Limited,energy_resources,company,1
Irving Shipbuilding Inc.,defence_aerospace,company,1
Islamic Relief Canada,advocacy_nonprofit,nonprofit,1
Israel Aerospace Industries North America,defence_aerospace,company,1
Italpasta Limited,agriculture_food,company,0.68
Ivaco Rolling Mills,retail_manufacturing,company,0.76
Ivey Foundation,advocacy_nonprofit,nonprofit,0.79
"J.D. Irving, Limited",energy_resources,company,0.6
JAMP PHARMA CORPORATION,health_pharma,company,1
JBS Food Canada Inc.,agriculture_food,company,1
JCM Power,energy_resources,company,0.84
JFE Shoji Power,energy_resources,company,0.97
"JJ 206, LLC DBA Smart Vape Lock",industry_association,company,0.31
JN Nova Pharma Inc.,health_pharma,company,1
JTI-Macdonald Corp,retail_manufacturing,company,0.8
JTI-Macdonald Corp.,retail_manufacturing,company,0.81
JUNO PHARMA CANADA INC.,health_pharma,company,1
JUUL Labs,retail_manufacturing,company,0.54
JUUL Labs Canada,retail_manufacturing,company,0.47
Jack.org,advocacy_nonprofit,nonprofit,0.9
James Smith Cree Nation 100,government_public,nonprofit,0.9
Janssen Inc.,health_pharma,company,1
Japan Automobile Manufacturers Association of Canada (JAMA Canada),industry_association,association,0.89
Japanese Auto Manufacturers Association (JAMA) Canada,industry_association,association,0.92
JasperVOCAL,advocacy_nonprofit,nonprofit,0.87
Jazz Air Income Fund,finance,company,0.48
Jazz Aviation LP,transport_infrastructure,company,0.82
Jebsen & Jessen Metals Canada Inc.,retail_manufacturing,company,0.46
Jet Metal Corp.,defence_aerospace,company,0.58
Jewish Community Centre of Greater Vancouver,advocacy_nonprofit,nonprofit,1
Jewish National Fund,advocacy_nonprofit,nonprofit,1
Jewish National Fund of Canada INC,advocacy_nonprofit,nonprofit,1
John Deere Canada ULC,agriculture_food,company,0.98
Johnson & Johnson (Canada) Inc.,health_pharma,company,1
Johnson & Johnson Family of Companies In Canada,health_pharma,company,1
Johnson Electric Canada,retail_manufacturing,company,0.84
Joint Electrical Promotion Plan,energy_resources,association,0.53
Judith Marcuse Projects,advocacy_nonprofit,nonprofit,0.95
Junior Achievement Canada,advocacy_nonprofit,nonprofit,0.96
Junior Achievement Canada  Federal Lobbying Registration,advocacy_nonprofit,nonprofit,0.89
Juniper Networks Inc.,technology,company,0.97
Just for Laughs Toronto Festival,advocacy_nonprofit,nonprofit,0.74
Justice For All Canada,advocacy_nonprofit,nonprofit,0.99
Juvenile Diabetes Research Foundation,advocacy_nonprofit,nonprofit,0.63
K'awat'si Economic Development,government_public,nonprofit,0.42
K+S Potash Canada GP,energy_resources,company,0.96
KGHM-Ajax Mining Inc,energy_resources,company,1
KGHM-Ajax Mining Inc.,energy_resources,company,1
KGK Science,advocacy_nonprofit,nonprofit,0.49
KOOCHECHING COMMUNITY DEVELOPMENT CORPORATION,advocacy_nonprofit,nonprofit,0.88
"KRONOS Canada, Inc.",technology,company,0.94
KRUGER INC.,energy_resources,company,0.55
KWG Resources,energy_resources,company,0.71
Kal Tire,transport_infrastructure,company,0.65
Kal Tire Ltd.,transport_infrastructure,company,0.79
Kamloops & District Chamber of Commerce,industry_association,association,0.99
Kanata Clean Power & Climate Technologies Corp.,energy_resources,company,0.94
Kathairos Solutions Inc.,advocacy_nonprofit,company,0.55
Katimavik,advocacy_nonprofit,nonprofit,1
Katzie Kwantlen Semiahmoo Nations,government_public,nonprofit,0.97
Kee Tas Kee Now Tribal Council,government_public,nonprofit,0.74
Kee Tas Kee Now Tribal Council (KTC),government_public,nonprofit,0.71
Kelowna Flightcraft Ltd.,defence_aerospace,company,0.87
Kelvin Zero,advocacy_nonprofit,nonprofit,0.53
Kenvue Canada Inc.,health_pharma,company,0.58
Kepler Institute,advocacy_nonprofit,nonprofit,0.59
Keurig Dr Pepper Canada,agriculture_food,company,0.52
Keystone Agricultural Producers,agriculture_food,association,0.91
Kia Canada Inc.,transport_infrastructure,company,0.99
KidSport,advocacy_nonprofit,nonprofit,1
Kids & Company,advocacy_nonprofit,company,0.64
Kids Brain Health Network,advocacy_nonprofit,nonprofit,0.71
Kids Help Phone,advocacy_nonprofit,nonprofit,0.99
Kids U Inc.,advocacy_nonprofit,nonprofit,0.91
Kinder Morgan Canada Inc,energy_resources,company,1
Kinder Morgan Canada Limited,energy_resources,company,1
Kindred Works,advocacy_nonprofit,nonprofit,0.71
Kingston Accommodation Partners,transport_infrastructure,company,0.69
Kinross Gold Corporation,energy_resources,company,1
Kitasoo Xai'xais Nation,government_public,nonprofit,0.96
Kivalliq Inuit Association,advocacy_nonprofit,nonprofit,0.66
Kiwetinohk Energy Corp.,energy_resources,company,0.97
Kluane First Nation,government_public,nonprofit,0.98
"Koch Government Affairs, LLC",energy_resources,company,0.69
"Koch Government Affairs, LLC and Affiliates",energy_resources,company,0.78
"Koch Government Affairs, LLC, and Affiliates",energy_resources,company,0.75
Kohl & Frisch,other,company,0.73
Koocheching Community Development Corporation,advocacy_nonprofit,nonprofit,0.88
Kraft Heinz Canada,agriculture_food,company,0.94
Kraft Heinz Canada ULC,agriculture_food,company,0.95
Kuujjuaraapik-Whapmagoostui Renewable Energy Corporation,energy_resources,nonprofit,0.64
Kyndryl,technology,company,0.99
Kyndryl Canada,technology,company,0.97
Kyndryl Canada Limited,technology,company,0.95
Kawatsi Economic Development LP (KEDC),government_public,company,0.48
L'UNION DES PRODUCTEURS AGRICOLES,agriculture_food,association,0.96
L-3 Technologies Canada,defence_aerospace,company,0.99
L3 Technologies MAS Inc.,defence_aerospace,company,0.87
L3 Technologies MAS Ltd,defence_aerospace,company,0.58
L3Harris MAS Inc.,defence_aerospace,company,0.98
L3Harris Technologies Canada Inc.,defence_aerospace,company,1
LABATT BREWERIES OF CANADA,agriculture_food,company,0.48
LCY Biosciences,health_pharma,company,0.97
LESTER B. PEARSON COLLEGE OF THE PACIFIC AND UNITED WORLD COLLEGES (CANADA) INC,education_research,nonprofit,0.97
LIFT Impact Partners,advocacy_nonprofit,nonprofit,0.71
LKQ Corporation,transport_infrastructure,company,0.92
LNG Canada Development Inc.,energy_resources,company,1
LOGISTEC Marine Services ULC,transport_infrastructure,company,0.73
LUNR Aerospace Corporation,defence_aerospace,company,0.99
La Capitale Financial Security Insurance Company,finance,company,1
La Fédération des communautés francophones et acadienne du Canada (FCFA),advocacy_nonprofit,nonprofit,1
La Piscine,advocacy_nonprofit,nonprofit,0.69
La Tablée des Chefs,industry_association,nonprofit,0.29
"La-Z-Boy of Ottawa, Kingston and Gatineau",retail_manufacturing,company,0.97
LaRubie,advocacy_nonprofit,nonprofit,0.42
Labatt Breweries of Canada,agriculture_food,company,0.62
Labour Education Centre,labour,nonprofit,0.94
Labourers' International Union of North America (LIUNA) Local 183,labour,nonprofit,1
Labstat International inc.,other,company,0.28
Lac Ste. Anne Métis Community Association,advocacy_nonprofit,nonprofit,0.88
Lac des Mille Lacs First Nation,government_public,nonprofit,0.99
Lactalis Canada Inc.,agriculture_food,company,1
"Lafitte Ventures Ltd., dba Tilray",health_pharma,company,0.67
Lake Babine Nation,government_public,nonprofit,0.99
Lake Carriers' Association,industry_association,association,0.86
Lake St. Martin First Nation,government_public,nonprofit,0.98
Lake Winnipeg Foundation,advocacy_nonprofit,nonprofit,1
Lake of the Woods Water Sustainability Foundation,advocacy_nonprofit,nonprofit,1
Lamp Education Inc.,education_research,company,0.66
Land Claim Agreements Coalition,advocacy_nonprofit,nonprofit,0.91
Land Claims Agreements Coalition,advocacy_nonprofit,nonprofit,0.89
Lands Advisory Board Resource Centre,advocacy_nonprofit,nonprofit,0.71
Landscape Ontario Horticultural Trades Association,industry_association,association,0.99
Langham Developments Limited,transport_infrastructure,company,0.9
Language Industry Association,industry_association,association,1
Languages Canada,advocacy_nonprofit,association,0.68
Laricina Energy Ltd.,energy_resources,company,0.99
Law Society of Ontario,industry_association,association,0.57
Le Devoir,telecom_media,nonprofit,0.68
LeadNow Society,advocacy_nonprofit,nonprofit,0.97
League Savings and Mortgage Company,finance,company,0.96
Lebanese Diaspora Exchange,advocacy_nonprofit,nonprofit,1
Lego Systems Inc.,retail_manufacturing,company,1
Lenovo (Canada) Inc.,technology,company,0.97
Leonardo,defence_aerospace,company,1
Leonardo Canada,defence_aerospace,company,1
Leonardo DRS Technologies Canada Ltd.,defence_aerospace,company,1
Leonardo Defence Systems Division,defence_aerospace,company,1
Leonardo MW Ltd.,defence_aerospace,company,0.98
Leonardo UK Ltd,defence_aerospace,company,1
Leonardo-Finmeccanica S.p.a.,defence_aerospace,company,1
Less Harmful Coalition (Canada),advocacy_nonprofit,nonprofit,0.95
Lester B. Pearson College of the Pacific and United World Colleges (Canada) Inc.,education_research,nonprofit,0.95
Let Me Compete!,advocacy_nonprofit,nonprofit,0.92
Levio,other,nonprofit,0.42
Liberty Defense Holdings,defence_aerospace,company,0.87
Life Sciences Ontario,health_pharma,association,0.6
Life Sciences Ontario (LSO),health_pharma,association,0.52
LifeScan Canada ULC,health_pharma,company,1
Ligado Networks Corp,telecom_media,company,0.99
Ligado Networks Corp.,telecom_media,company,0.99
Lighthouse Labs,technology,nonprofit,0.36
Lighthouse Links Development Company,advocacy_nonprofit,company,0.7
Limpact International Limited,advocacy_nonprofit,company,0.84
Lincoln & Welland Regiment Foundation,advocacy_nonprofit,nonprofit,0.87
Linde Inc.,energy_resources,company,0.49
LinkedIn Technology Canada Inc,technology,company,1
Literary Press Group of Canada,telecom_media,association,0.51
LithiumBank Resources Corp,energy_resources,company,0.93
Little Warriors,advocacy_nonprofit,nonprofit,0.97
Livingston International,transport_infrastructure,company,0.79
Livingston International Inc,transport_infrastructure,company,0.72
Loblaw Companies Limited,agriculture_food,company,0.74
Lockheed Martin,defence_aerospace,company,1
Lockheed Martin Aeronautics Company,defence_aerospace,company,1
Lockheed Martin Canada,defence_aerospace,company,1
Lockheed Martin Overseas Corp.,defence_aerospace,company,1
Logement HAN,advocacy_nonprofit,nonprofit,0.41
Lone Pine Resources Inc,energy_resources,company,0.99
Longhouse Capital Partners,finance,company,0.62
Longhouse Capital Partners Inc.,finance,company,0.49
Lost Canadian Association,advocacy_nonprofit,association,0.85
Louis Dreyfus Company LLC,agriculture_food,company,1
Louisiana-Pacific Canada Ltd.,energy_resources,company,0.55
Louisiana-Pacific Corporation,retail_manufacturing,company,0.45
Lovo Group inc.,other,company,0.56
Low Carbon Eco2 Energy Ltd,energy_resources,company,0.56
Lowe's Companies Canada,retail_manufacturing,company,1
"Lowe's Companies, Inc.",retail_manufacturing,company,1
Lowes Companies Canada through a contract with Stikeman Elliott LLP,retail_manufacturing,company,0.98
Lucky Iron Life,advocacy_nonprofit,nonprofit,0.81
Lulu Island Winery Inc.,agriculture_food,company,0.89
Lulu Island Winery Ltd.,agriculture_food,company,0.87
Lululemon Athlectica Inc.,retail_manufacturing,company,1
Lundbeck Canada Inc.,health_pharma,company,1
Lune Rise Farms Inc.,agriculture_food,company,0.94
Lupus Canada,advocacy_nonprofit,nonprofit,0.65
Luqia Technologies,technology,company,0.86
Lutsel Ke Dene First Nation,government_public,nonprofit,0.99
Lyft Canada Inc.,transport_infrastructure,company,0.56
Lyft Inc.,transport_infrastructure,company,0.53
Lymehope,advocacy_nonprofit,nonprofit,0.62
MANITOBA METIS FEDERATION  National Government of the Red River Métis,government_public,nonprofit,0.93
MAXIMUS Canada,other,company,0.51
MBDA,defence_aerospace,company,1
MBDA Missile Systems,defence_aerospace,company,1
MD Charlton Company Limited,other,company,0.5
MDA Geospatial Services Inc.,technology,company,0.5
MDA SPACE LTD.,defence_aerospace,company,0.89
MDA Systems Ltd.,defence_aerospace,company,0.48
MEG Energy Corp.,energy_resources,company,1
MHI RJ Aviation ULC,defence_aerospace,company,0.63
MININGWATCH CANADA,advocacy_nonprofit,nonprofit,0.83
MISTY VENTURES INC.,advocacy_nonprofit,company,0.47
MLS Canada LP,industry_association,association,0.69
MMV Medicines for Malaria Venture,health_pharma,nonprofit,0.83
MNP,finance,company,0.32
MNP LLP,finance,company,0.37
MOLTEX ENERGY CANADA INC,energy_resources,company,0.99
MONSANTO CANADA INC.,agriculture_food,company,1
MONTREAL HIGH LIGHTS Festival,advocacy_nonprofit,nonprofit,0.91
"MPOWER Financing, PBC",finance,company,0.91
MS Canada,advocacy_nonprofit,nonprofit,0.66
MSSC,industry_association,nonprofit,0.3
MTS Inc.,telecom_media,company,0.93
MVZEIF,advocacy_nonprofit,nonprofit,0.26
MYLAUFT Inc.,advocacy_nonprofit,company,0.7
MaRS Discovery District,advocacy_nonprofit,nonprofit,0.68
Maa-nulth Treaty Society,advocacy_nonprofit,nonprofit,0.79
"MacDonald, Dettwiler and Associates Corporation",defence_aerospace,company,0.99
"MacDonald, Dettwiler and Associates Inc.",defence_aerospace,company,0.97
"MacDonald, Dettwiler and Associates Ltd.",defence_aerospace,company,0.97
MacKenzie Aboriginal Corporation,advocacy_nonprofit,nonprofit,0.5
MacKenzie Art Gallery,advocacy_nonprofit,nonprofit,0.97
Macchi Distributions Inc.,other,company,0.41
"Mackenzie County, AB",government_public,public_body,0.86
Maerospace Corporation,defence_aerospace,company,0.99
Magazines Canada,industry_association,association,0.57
Magellan Aerospace Corporation,defence_aerospace,company,1
Magna International Inc.,transport_infrastructure,company,0.98
"Magneto investments LP, Dumont Nickel Project",energy_resources,company,0.84
Major International Events Network,industry_association,association,0.43
MakeWay Charitable Society,advocacy_nonprofit,nonprofit,1
MakeWay Foundation,advocacy_nonprofit,nonprofit,0.97
Makivik Corporation,government_public,nonprofit,0.73
Malta Inc.,other,company,0.5
Manitoba Métis Federation,advocacy_nonprofit,nonprofit,0.73
Manitoba Opera,advocacy_nonprofit,nonprofit,0.99
Manitoba Telecom Services Inc.,telecom_media,company,1
Manitoba Trucking Association,industry_association,association,0.91
Manulife,finance,company,1
Manulife Financial Corporation,finance,company,1
Maple Group Acquisition Corporation,finance,company,0.62
Maple Leaf Foods,agriculture_food,company,1
Maple Leaf Foods Inc.,agriculture_food,company,1
March of Dimes Canada,advocacy_nonprofit,nonprofit,0.53
Margaret and Wallace McCain Family Foundation,advocacy_nonprofit,nonprofit,0.77
Marine Renewables Canada,industry_association,association,0.49
Marineland of Canada Inc.,other,company,0.61
Marinvest Energy,energy_resources,company,0.98
Maritime Fisheries Union,agriculture_food,nonprofit,0.76
Maritime Iron Inc.,defence_aerospace,company,0.28
Maritime Launch Service Ltd.,defence_aerospace,company,0.86
Maritime Launch Services Ltd,defence_aerospace,company,0.87
Mark Anthony Group Inc.,agriculture_food,company,0.24
Marmen Inc,advocacy_nonprofit,company,0.46
Mars Canada Ltd.,agriculture_food,company,0.71
Marshall Canada,defence_aerospace,company,0.35
Marshall Canada Holdings Inc dba Marshall Land Systems,defence_aerospace,company,0.99
MasonryWorx,industry_association,association,0.49
"MasterCard Canada, ULC.",finance,company,1
Mastercard Canada,finance,company,1
Mattagami First Nation,government_public,nonprofit,0.99
Mattamy Homes Canada,transport_infrastructure,company,0.98
Maximus Canada,other,company,0.21
McConnell Foundation,advocacy_nonprofit,nonprofit,0.81
McDonald's Restaurants of Canada,retail_manufacturing,company,0.54
McGill University,education_research,nonprofit,1
McKesson Canada,health_pharma,company,1
McLeod Lake Indian Band,government_public,nonprofit,0.99
McMaster Innovation Park,education_research,nonprofit,0.9
McMaster University,education_research,nonprofit,1
McMurray Metis,advocacy_nonprofit,nonprofit,0.49
McMurray Métis,government_public,nonprofit,0.63
McNeil Consumer Healthcare,health_pharma,company,1
Meadow Lake Tribal Council Industrial Investments,government_public,company,0.94
Meat & Poultry Ontario,agriculture_food,association,0.65
Mechanical Contractors Association of Canada,industry_association,association,0.98
MedReleaf,health_pharma,company,0.73
Medallion Milk Co.,agriculture_food,company,0.88
MediaSmarts,advocacy_nonprofit,nonprofit,0.94
Medicago Inc,health_pharma,company,1
Medicago Inc.,health_pharma,company,1
Medical Technology Association of Canada (Medtech Canada),health_pharma,association,0.58
Medicine Place Inc.,health_pharma,company,0.97
Medipure Pharmaceuticals Inc.,health_pharma,company,1
Medtronic Canada ULC,health_pharma,company,1
Meetings Mean Business Canada,industry_association,association,0.61
Meewasin Valley Authority,government_public,nonprofit,0.48
Memorial Sloan-Kettering Cancer Center,health_pharma,nonprofit,0.99
Memorial University of Newfoundland,education_research,nonprofit,1
Mennonite Central Committee Canada,advocacy_nonprofit,nonprofit,1
Menopause Foundation of Canada,advocacy_nonprofit,nonprofit,0.74
Mensante Corporation,health_pharma,company,0.45
Mental Health Commission of Canada,advocacy_nonprofit,nonprofit,0.72
Mental Health Research Canada,advocacy_nonprofit,nonprofit,0.69
Mentor Canada,advocacy_nonprofit,nonprofit,1
Mercedes-Benz Canada Inc.,transport_infrastructure,company,0.99
Mercer International Inc.,energy_resources,company,0.97
Merck Canada,health_pharma,company,1
Merck Canada Inc.,health_pharma,company,1
Mercy Corps,advocacy_nonprofit,nonprofit,1
Mercy For Animals Canada,advocacy_nonprofit,nonprofit,1
Mercy for Animals Canada,advocacy_nonprofit,nonprofit,1
Meridian Credit Union,finance,nonprofit,1
Merit Canada,advocacy_nonprofit,nonprofit,0.7
Merit Contractors Association of Canada,industry_association,association,0.83
"Meta Platforms, Inc.",technology,company,1
Metcalf Foundation,advocacy_nonprofit,nonprofit,0.87
Methanex Corporation,energy_resources,company,0.97
Metis Nation of Alberta,government_public,nonprofit,0.69
Metis Nation of British Columbia,government_public,nonprofit,0.7
Metis Nation of Ontario,advocacy_nonprofit,nonprofit,0.49
Metis Nation-Saskatchewan,government_public,nonprofit,0.62
Metis National Council,advocacy_nonprofit,nonprofit,0.82
Metis Settlements General Council,government_public,nonprofit,0.94
Metra Aluminum,retail_manufacturing,company,0.61
Metro Supply Chain Inc.,transport_infrastructure,company,0.54
Metro Toronto Convention Centre Corporation,government_public,public_body,0.47
Metro Vancouver,government_public,public_body,0.99
Mettrum Health Corp.,health_pharma,company,0.94
Mettrum Ltd.,health_pharma,company,0.22
Mevotech LP,transport_infrastructure,company,0.85
MiQro Innovation Collaborative Centre (C2MI),advocacy_nonprofit,nonprofit,0.36
Miawpukek Horizon Maritime Services,transport_infrastructure,company,0.29
Michelin North America (Canada) Inc.,transport_infrastructure,company,0.8
"Michelin North America, Inc.",transport_infrastructure,company,0.72
Micro Logic Sainte-Foy Ltée,technology,company,0.8
Microbix Biosystems Inc,health_pharma,company,0.97
Micrologic,technology,company,0.46
Microsoft Canada Inc.,technology,company,1
Microsoft Canada inc.,technology,company,1
Mikisew Cree First Nation,government_public,nonprofit,0.93
Mikisew Cree First Nation Government and Industry Relations,government_public,public_body,1
Millwright Regional Council,industry_association,association,0.43
MindFuel,advocacy_nonprofit,nonprofit,0.85
Mines Action Canada,advocacy_nonprofit,nonprofit,1
Ming Pao Daily Newspaper,telecom_media,company,0.94
Mining Association of British Columbia,industry_association,association,0.48
Mino Care,health_pharma,nonprofit,0.4
MintInk Sports Card Inc.,retail_manufacturing,company,0.37
Miovision Technologies Incorporated,technology,company,0.85
Misipawistik Cree Nation,government_public,nonprofit,0.98
Mississaugas of Scugog Island First Nation,government_public,nonprofit,0.99
Mitacs Inc.,education_research,company,0.8
Mitigokaa Development Corp.,advocacy_nonprofit,company,0.6
Mixt Energy Exports Limited Partnership,energy_resources,company,0.98
Miziwe Biik Aboriginal Employment & Training,advocacy_nonprofit,nonprofit,0.96
Miziwe Biik Development Corporation,advocacy_nonprofit,nonprofit,0.44
Mobil Grain Group,agriculture_food,association,0.7
MobilGrain Ltd,agriculture_food,company,0.7
Moderna  Biopharma Canada Corporation,health_pharma,company,1
Moderna Biopharma Canada Corporation,health_pharma,company,1
Modular Building Institute,industry_association,association,0.87
Mohawk College,education_research,nonprofit,1
Molson Canada 2005,agriculture_food,company,0.46
Moltex Energy Canada Inc.,energy_resources,company,1
Momentum,advocacy_nonprofit,nonprofit,0.58
Mondelez Canada,retail_manufacturing,company,0.62
Monster Canada,industry_association,company,0.24
Mont Royal Resources,energy_resources,company,0.98
Montem Resources Alberta Operations Ltd.,energy_resources,company,1
Montreal Airports,transport_infrastructure,association,0.88
Montreal International Jazz Festival,advocacy_nonprofit,nonprofit,0.96
Montrose Property Holdings Ltd.,transport_infrastructure,company,0.96
Mood Disorders Society of Canada,advocacy_nonprofit,nonprofit,0.86
Moose Hide Campaign Development Society,advocacy_nonprofit,nonprofit,0.98
Morgan Canada Corporation,finance,company,0.7
Mortgage Professionals Canada,industry_association,association,0.6
Mortgage Professionals of Canada,industry_association,association,0.53
Mortgage and Title Insurance Industry Association of Canada,industry_association,association,0.6
Mosaic,advocacy_nonprofit,nonprofit,0.65
Mosaic Forest Management Corp.,energy_resources,company,0.99
Mothers Against Drunk Driving (MADD Canada),advocacy_nonprofit,nonprofit,1
Motion Picture Association - Canada,industry_association,association,0.77
Motor Coach Canada,industry_association,association,0.79
Motor Vehicle Retailers of Ontario,industry_association,association,0.9
Motorcyclists Confederation of Canada,advocacy_nonprofit,association,0.75
Motorola Solutions Canada Inc.,defence_aerospace,company,0.68
Mount Pleasant Group of Cemeteries,advocacy_nonprofit,nonprofit,0.43
Mouvement d'implication francophone d'Orléans,advocacy_nonprofit,nonprofit,1
Movember Canada,advocacy_nonprofit,nonprofit,0.87
Mowi Canada,agriculture_food,company,1
Mowi Canada West,agriculture_food,company,1
Multiple Sclerosis Canada-Quebec Division,advocacy_nonprofit,nonprofit,0.68
Multivesco,industry_association,association,0.43
Munich Life Management Company,finance,company,0.91
Municipality of Brockton,government_public,public_body,1
Music Canada,industry_association,association,0.83
Muskeg Lake Cree Nation,government_public,nonprofit,0.99
Myant,technology,company,0.48
Myeloma Canada,health_pharma,nonprofit,0.53
Mylan Pharmaceuticals ULC,health_pharma,company,1
Métis Nation of Alberta,government_public,nonprofit,0.77
Métis Nation of Ontario,government_public,nonprofit,0.55
Métis National Council,advocacy_nonprofit,nonprofit,0.86
"N8 Medical, LLC",health_pharma,company,0.97
NARL Marketing LP,advocacy_nonprofit,company,0.39
NATIONAL ASSOCIATION OF WOMEN AND THE LAW,advocacy_nonprofit,nonprofit,1
NATURE CANADA,advocacy_nonprofit,nonprofit,1
NAV CANADA,transport_infrastructure,public_body,0.63
NAVAL Group SA,defence_aerospace,company,1
NBC Universal,telecom_media,company,1
NESTLE CANADA INC.,agriculture_food,company,0.92
NEXII Building Solutions Inc.,transport_infrastructure,company,0.9
NFI Group Inc.,industry_association,company,0.29
NIO Strategic Metals Inc.,energy_resources,company,0.89
NJOY Inc.,other,company,0.31
NOVA Chemicals Corporation,retail_manufacturing,company,0.44
NPower Canada,advocacy_nonprofit,nonprofit,0.95
NSCAD University,education_research,nonprofit,1
NTEA - The Work Truck Association,industry_association,association,0.96
NWP Coal Canada Ltd.,energy_resources,company,0.99
Nanaimo Foundation (o/a Fair Care Alliance),advocacy_nonprofit,nonprofit,0.97
Nanaimo Port Authority,transport_infrastructure,public_body,0.9
Nano One Materials Corp.,energy_resources,company,0.74
NationTalk,advocacy_nonprofit,nonprofit,0.81
National Aboriginal Capital Corporations Association,advocacy_nonprofit,association,0.75
National Aboriginal Capital Corporations Association (NACCA),advocacy_nonprofit,association,0.85
National Access Cannabis (NAC),advocacy_nonprofit,nonprofit,0.48
National Airlines Council of Canada,industry_association,association,0.49
National Angel Capital Organization,advocacy_nonprofit,nonprofit,0.31
National Apartment Council of Canada,industry_association,association,0.85
National Association  of Friendship Centres,advocacy_nonprofit,nonprofit,1
National Association of Career Colleges,education_research,association,0.74
National Association of Federal Retirees,advocacy_nonprofit,association,0.97
National Association of Friendship Centres,advocacy_nonprofit,nonprofit,0.98
National Association of Women and the Law (NAWL),advocacy_nonprofit,nonprofit,1
National Ballet School,advocacy_nonprofit,nonprofit,0.61
National Ballet of Canada,advocacy_nonprofit,nonprofit,0.98
National Bank of Canada,finance,company,1
National Campus and Community Radio Association,advocacy_nonprofit,association,0.74
National Capital Region YMCA,advocacy_nonprofit,nonprofit,1
National Cattle Feeders' Association,agriculture_food,association,0.66
National Cattle Feeders'Association,agriculture_food,association,0.63
National Centre for Truth and Reconciliation,advocacy_nonprofit,nonprofit,0.98
National Circus School,education_research,nonprofit,0.71
National Coalition Against Contraband Tobacco,advocacy_nonprofit,nonprofit,0.78
National Coalition Against Contraband Tobacco (NCACT),advocacy_nonprofit,nonprofit,0.73
National Council of Canadian Muslims (NCCM),advocacy_nonprofit,nonprofit,1
National Council of Indigenous Midwives,advocacy_nonprofit,nonprofit,0.97
National Democratic Institute (NDI),advocacy_nonprofit,nonprofit,0.99
National Ethnic Press and Media Council of Canada,advocacy_nonprofit,nonprofit,0.89
National Farmers Union,agriculture_food,association,0.82
National Fire Arms Association,advocacy_nonprofit,association,0.96
National Firearms Association,advocacy_nonprofit,association,0.99
National Golf Course Owners Association (Canada),industry_association,association,0.99
National Hockey League,industry_association,association,0.74
National Hockey League Players Association,labour,association,1
National Housing Supply Coalition,advocacy_nonprofit,nonprofit,0.47
National Indigenous Collaborative Housing Incorporated,advocacy_nonprofit,nonprofit,0.98
National Marine Manufacturers Association,industry_association,association,0.97
National Marine Manufacturers Association (NMMA) Canada,industry_association,association,1
National Maritime Group,defence_aerospace,association,0.31
National Police Federation,labour,nonprofit,0.96
National Smokeless Tobacco Company Ltd.,retail_manufacturing,company,0.55
National Steel Car Limited,transport_infrastructure,company,0.78
National Theatre School,education_research,nonprofit,0.8
National Trade Contractors Coalition of Canada (NTCCC),industry_association,association,0.85
National Trade Contractors Council of Canada (NTCCC),industry_association,association,0.87
National Trails Coaltion,advocacy_nonprofit,nonprofit,0.9
National Trust for Canada,advocacy_nonprofit,nonprofit,1
National Union of Public and General Employees,labour,nonprofit,1
Nations Royalty Corp,advocacy_nonprofit,company,0.54
Native Child and Family Services Toronto,advocacy_nonprofit,nonprofit,0.94
Native Women's Association of Canada,advocacy_nonprofit,nonprofit,1
Natural Products Canada,industry_association,association,0.83
Nature Canada,advocacy_nonprofit,nonprofit,1
Nature United,advocacy_nonprofit,nonprofit,1
Navitas Canada Holdings Inc.,education_research,company,0.92
NeesStaNan,advocacy_nonprofit,nonprofit,0.5
Neptunus Yachts,industry_association,company,0.22
"Neste Canada, Inc.",energy_resources,company,1
Nestlé Canada Inc,agriculture_food,company,0.95
Nestlé Canada Inc.,agriculture_food,company,0.95
Nestlé Waters Canada,agriculture_food,company,0.83
NetChange,advocacy_nonprofit,nonprofit,0.65
Netflix,telecom_media,company,1
Netflix Inc.,telecom_media,company,1
Netflix Services Canada ULC,telecom_media,company,1
Neurological Health Charities Canada,health_pharma,nonprofit,0.68
New Gold Inc.,energy_resources,company,1
New Haven Learning Centre,advocacy_nonprofit,nonprofit,0.58
New Moly LLC,energy_resources,company,0.73
Newfoundland and Labrador Federation of Podiatric Medicine,health_pharma,association,0.58
Newmont,energy_resources,company,1
Newmont Goldcorp North America,energy_resources,company,1
Newmont North America,energy_resources,company,1
News Media Canada,telecom_media,association,0.48
NexGen Energy Ltd,energy_resources,company,0.98
NexGen Energy Ltd.,energy_resources,company,0.99
NexJ Systems,technology,company,0.98
NexJ Systems Inc.,technology,company,0.99
Next Generation Manufacturing Canada (NGen),industry_association,association,0.85
Next Hydrogen Solutions,energy_resources,company,0.81
NextEra Energy Resources,energy_resources,company,1
Nexter Group Systems,defence_aerospace,company,0.98
Neyaskweyahk Group of Companies Inc.,advocacy_nonprofit,company,0.5
Nia Centre for the Arts,advocacy_nonprofit,nonprofit,0.99
Niagara Association of REALTORS,industry_association,association,0.73
Niagara College,education_research,nonprofit,1
Niagara Seaway Tenant Farmers' Association,agriculture_food,association,0.93
Nickel Developments,energy_resources,company,0.91
Nickel Institute,industry_association,association,0.92
Nieuport Aviation,defence_aerospace,company,0.91
Nieuport Aviation Infrastructure Partners,transport_infrastructure,company,0.67
Nieuport Aviation Infrastructure Partners GP,transport_infrastructure,company,0.75
Nihtat Gwich'in Council,government_public,nonprofit,0.79
Nikola Corporation,transport_infrastructure,company,0.94
Nipawin Biomass Ethanol New Generation Co-operative Ltd.,energy_resources,company,0.58
Nipigon Township,government_public,public_body,0.99
Nipissing University,education_research,nonprofit,1
Nisga'a Nation,government_public,nonprofit,0.98
"Nisga'a Nation, as represented by Nisga'a Lisims Government",government_public,public_body,1
Nishnawbe Aski Nation,government_public,nonprofit,0.71
Nisichawayasihk Cree Nation,government_public,nonprofit,0.96
Nissan Canada Inc.,transport_infrastructure,company,0.99
Nobel Women's Initiative,advocacy_nonprofit,nonprofit,1
Nokia Canada Inc.,telecom_media,company,0.55
NorQuest College,education_research,nonprofit,1
Nordion (Canada) Inc.,health_pharma,company,0.67
Nordstar Capital LP,finance,company,0.94
North American Equipment Dealers Association,industry_association,association,0.96
North Atlantic Refining Corp,energy_resources,company,1
North Coal Ltd.,energy_resources,company,0.98
North Eastern University,education_research,nonprofit,0.9
North West Refining Inc.,energy_resources,company,1
NorthRiver Midstream Inc,energy_resources,company,0.99
NorthRiver Midstream Inc.,energy_resources,company,0.99
NorthX (British Columbia Centre for Innovation and Clean Energy),energy_resources,nonprofit,0.54
Northeast Midstream,energy_resources,company,0.98
Northern Air Transport Association,industry_association,association,0.52
Northern Air Transport Association (NATA),industry_association,association,0.64
Northern Air Transportation Association,industry_association,association,0.5
Northern Alberta Institute of Technology,education_research,nonprofit,1
Northern Climate Pathways Inc.,advocacy_nonprofit,nonprofit,0.98
Northern Credit Union,finance,nonprofit,1
Northern Gateway Pipeline,energy_resources,company,1
Northern Graphite,energy_resources,nonprofit,0.73
Northern Graphite Corporation,energy_resources,company,0.95
Northern Ontario Rail Network Inc.,transport_infrastructure,association,0.99
Northern Ontario School of Medicine,education_research,nonprofit,0.93
Northern Pulp Nova Scotia,energy_resources,company,0.97
Northern Pulp Working Group,energy_resources,nonprofit,0.54
Northern Road Link Project,transport_infrastructure,nonprofit,0.83
Northern Vision Development LP,other,company,0.41
Northisle Copper and Gold Inc.,energy_resources,company,1
Northstar Earth & Space Inc.,defence_aerospace,company,0.56
Northvolt AB,energy_resources,company,0.44
Northvolt Batteries North America Inc.,retail_manufacturing,company,0.37
Northwest Territories Association of Communities,government_public,association,0.56
Northwestel Inc.,telecom_media,company,1
Nouveau Monde Graphite Inc.,energy_resources,company,0.99
Nova Chemicals,retail_manufacturing,company,0.43
Nova East Wind,advocacy_nonprofit,nonprofit,0.34
Nova Oculus Partners LLC,other,company,0.62
Nova Scotia Association of Realtors,industry_association,association,0.83
Nova Scotia Power Incorporated,energy_resources,company,1
Novartis Pharmaceuticals Canada Inc.,health_pharma,company,1
Novelis Inc.,retail_manufacturing,company,0.81
Novo Nordisk Canada Inc.,health_pharma,company,1
Novo Plastics,retail_manufacturing,association,0.53
"Novolex Holdings, LLC",retail_manufacturing,company,0.98
NuEnergy.ai,energy_resources,company,0.46
Nubuild Robotics Inc.,technology,company,0.63
Nuclear Waste Management Organization,energy_resources,nonprofit,0.58
Nucleon Energy Inc,energy_resources,company,0.99
Nucor Steel,retail_manufacturing,company,0.9
Nukik Corporation,other,company,0.55
Nunatsiavut Government,government_public,public_body,1
NunatuKavut Community Council,advocacy_nonprofit,nonprofit,0.54
Nunavut Planning Commission,government_public,public_body,0.84
"Nunavut Tunngavk, Inc.",government_public,nonprofit,0.48
Nunavut Wildlife Management Board,advocacy_nonprofit,nonprofit,0.5
Nutrien Ltd.,agriculture_food,company,0.95
Nutrition International,advocacy_nonprofit,nonprofit,0.93
Nuvation Energy,energy_resources,company,0.93
Nuvona Ltd.,other,company,0.41
NüBuild Robotics Inc.,technology,company,0.69
OCASI - Ontario Council of Agencies Serving Immigrants,advocacy_nonprofit,nonprofit,1
OET - Cambridge Boxhill Language Assessment,education_research,company,0.47
ON2 Solutions Inc.,other,company,0.37
ONE Global (Canada),advocacy_nonprofit,nonprofit,0.64
ONTARIO FEDERATION OF ANGLERS AND HUNTERS FOUNDATION,advocacy_nonprofit,nonprofit,0.99
ONTARIO HOSPITAL ASSOCIATION,health_pharma,association,0.97
ONroute Service Centres,transport_infrastructure,company,0.63
"OPCMIA, Local 598",labour,nonprofit,0.45
OPTEL Group,technology,company,0.54
OSI Maritime Systems,defence_aerospace,company,0.56
OTE,telecom_media,company,0.64
OUT Tv Network Inc.,telecom_media,company,0.94
OVH HOSTING INC.,technology,company,0.77
OXFAM CANADA,advocacy_nonprofit,nonprofit,1
Ocean Group Inc.,other,company,0.58
Ocean Spray Cranberries Inc.,agriculture_food,company,1
"Ocean Spray Cranberries, Inc.",agriculture_food,company,1
"Ocean Spray International, Inc.",agriculture_food,company,0.99
Ocean Wise Conservation Association,advocacy_nonprofit,nonprofit,1
Oceana Canada,advocacy_nonprofit,nonprofit,0.99
Oceanex Inc.,other,company,0.35
"Oceanex, Inc.",other,company,0.4
Octasic Inc.,other,company,0.32
Office Of Religious Congregations For Integral Ecology,advocacy_nonprofit,nonprofit,1
Office of Foreign Relations of the Southern Transitional Council in Canada,government_public,nonprofit,0.7
Office of Francophone and Francophile Affairs,advocacy_nonprofit,nonprofit,0.9
Oil Sands Alliance Inc. (formerly Pathways Alliance Inc.),energy_resources,association,0.57
Olymel SEC,agriculture_food,company,0.92
Ombudsman for Banking Services and Investments,finance,nonprofit,0.66
One Bowl Housing Corporation,advocacy_nonprofit,nonprofit,0.9
One Earth Farms Corp.,agriculture_food,company,0.96
OneClose Inc.,advocacy_nonprofit,company,0.48
Onex Corporation,finance,company,0.74
Ontario Association of Broadcasters,telecom_media,association,0.78
Ontario Bioscience Innovation Organization (OBIO),health_pharma,nonprofit,0.57
Ontario Centre of Innovation,advocacy_nonprofit,nonprofit,0.37
Ontario Chamber of Commerce,industry_association,association,1
Ontario Child Sexual Exploitation Investigators Association (OCSEIA),advocacy_nonprofit,association,0.96
Ontario College of Art & Design University,education_research,nonprofit,1
Ontario Dairy Council,agriculture_food,association,0.49
Ontario Dental Association,health_pharma,association,0.42
Ontario Federation Of Agriculture (OFA),agriculture_food,association,0.92
Ontario Federation of Agriculture,agriculture_food,association,0.81
Ontario Federation of Agriculture (OFA),agriculture_food,association,0.88
Ontario Federation of Anglers and Hunters Membership,advocacy_nonprofit,nonprofit,0.99
Ontario Federation of Snowmobile Clubs,advocacy_nonprofit,association,0.71
Ontario Ginseng Growers Association,agriculture_food,association,0.6
Ontario Greenhouse Vegetable Growers,industry_association,association,0.5
Ontario Home Builders Association,industry_association,association,0.92
Ontario Home Builders' Association,industry_association,association,0.94
Ontario Hospital Association,health_pharma,association,0.96
Ontario Korean Businessmen's Association,industry_association,association,0.88
Ontario Medical Association (OMA),health_pharma,association,0.8
Ontario Non-Profit Housing Association,advocacy_nonprofit,nonprofit,0.97
Ontario Power Generation Inc.,energy_resources,company,1
Ontario Shipyards,defence_aerospace,association,0.98
Ontario Society of Professional Engineers,industry_association,association,0.28
Ontario Teachers' Pension Plan Board,finance,nonprofit,1
OpSec Security,technology,company,0.48
Opaskwayak Cree Nation,government_public,nonprofit,0.99
Open Media Engagement Network,advocacy_nonprofit,nonprofit,0.89
Open Text Corporation,technology,company,1
"OpenAI OpCo, LLC",technology,company,1
OpenCircle National Advocacy Ltd.,advocacy_nonprofit,nonprofit,0.98
Opera.ca,advocacy_nonprofit,nonprofit,0.62
Option consommateurs,advocacy_nonprofit,nonprofit,1
Optiv Canada Inc.,technology,company,0.87
Opus Strategy Group,other,company,0.62
Or Royalties,energy_resources,company,0.82
Oracle Canada,technology,company,1
Orbis,advocacy_nonprofit,nonprofit,0.75
Orchestras Canada,advocacy_nonprofit,association,0.71
Organic Federation of Canada,agriculture_food,association,0.42
Organigram Global,advocacy_nonprofit,nonprofit,0.68
Organization of Canadian Nuclear Industries,industry_association,association,0.87
Organizations for Health Action (HEAL),advocacy_nonprofit,nonprofit,0.69
Organon Canada Inc.,health_pharma,company,1
Orica Canada Inc.,energy_resources,company,0.78
Original Traders Energy,energy_resources,company,0.98
Oshkosh Corporation,defence_aerospace,company,0.85
"Oshkosh Defence, LLC",defence_aerospace,company,1
Ottawa International Airport Authority,transport_infrastructure,public_body,0.98
Ottawa Macdonald-Cartier International Airport Authority,transport_infrastructure,public_body,0.95
Ottawa Riverkeeper,advocacy_nonprofit,nonprofit,1
Ottawa Special Events,advocacy_nonprofit,nonprofit,0.74
Ottawa Sports and Entertainment Group,other,company,0.59
Outside Looking In,advocacy_nonprofit,nonprofit,0.83
Ovarian Cancer Canada,advocacy_nonprofit,nonprofit,0.58
Ovintiv Canada ULC,energy_resources,company,1
Ovintiv Inc.,energy_resources,company,1
Owens Corning,retail_manufacturing,company,0.81
Owens Corning Canada Holdings ULC,retail_manufacturing,company,0.92
Owens Corning LLC,retail_manufacturing,company,0.78
Oxfam-Québec,advocacy_nonprofit,nonprofit,1
Oxford Properties Group,transport_infrastructure,company,0.99
"PACT, Professional Association of Canadian Theatres",industry_association,association,0.46
PCI Geomatics Group Inc.,technology,company,0.89
PCL Constructors Inc.,transport_infrastructure,company,1
"PECO Pallet, Inc.",retail_manufacturing,company,0.52
PEI Potato Board,agriculture_food,association,0.7
PEMBINA INSTITUTE,advocacy_nonprofit,nonprofit,0.95
PETRONAS Energy Canada Ltd,energy_resources,company,1
PETRONAS Energy Canada Ltd.,energy_resources,company,1
PHI GROUP INC.,health_pharma,company,0.28
PHOTONIS France SAS,defence_aerospace,company,0.9
PLATO Testing,other,company,0.2
PMET Resources,advocacy_nonprofit,nonprofit,0.33
PORTER AIRLINES,transport_infrastructure,company,0.99
PRI Association,advocacy_nonprofit,association,0.42
PRINCE RUPERT PORT AUTHORITY,transport_infrastructure,public_body,0.89
PRL Inc.,other,company,0.41
PRT Growing Services Ltd.,industry_association,company,0.28
PTI Transformers Inc,retail_manufacturing,company,0.46
PUBLIC INTEREST ADVOCACY CENTRE,advocacy_nonprofit,nonprofit,1
PURDUE PHARMA,health_pharma,company,1
PV Labs,advocacy_nonprofit,nonprofit,0.22
Pacific Future Energy Corporation,energy_resources,company,0.97
Pacific Health Innovation eXchange (PHIX),health_pharma,nonprofit,0.9
Pacific Manufacturing Association of Canada (PMAC),industry_association,association,0.96
Pacific NorthWest LNG,energy_resources,company,1
Pacific NorthWest LNG Ltd.,energy_resources,company,1
Pacific Northwest LNG,energy_resources,company,1
Pacific Prawn Fishermen's Association,agriculture_food,association,0.72
Pacific Press Properties Inc.,transport_infrastructure,company,0.78
Pacific Salmon Foundation,advocacy_nonprofit,nonprofit,0.88
Pacific Spine Research and Education Foundation,advocacy_nonprofit,nonprofit,0.42
Pacific Whale Watch Association,advocacy_nonprofit,association,0.71
Paladin Energy Limited,energy_resources,company,1
Palette Skills Inc.,advocacy_nonprofit,company,0.64
Palix Foundation,advocacy_nonprofit,nonprofit,0.75
Pallium Canada,advocacy_nonprofit,nonprofit,0.67
Palo Alto Networks,technology,company,1
Palo Alto Networks Inc.,technology,company,1
Pan American Silver Corp.,energy_resources,company,1
Pangea Farmland L.P.,agriculture_food,company,0.98
"Pano AI, Inc.",technology,company,0.99
Paper Excellence Canada,industry_association,company,0.38
Paraza Pharma Inc.,health_pharma,company,1
Parc éolien Nicolas-Riou S.E.C.,energy_resources,company,0.98
Park Place Seniors Living,health_pharma,nonprofit,0.49
Parkbridge Lifestyle Communities,health_pharma,company,0.33
Parkinson Canada,advocacy_nonprofit,nonprofit,0.63
Parkland Corporation,energy_resources,company,0.66
ParticipACTION,advocacy_nonprofit,nonprofit,0.98
Partners for Mental Health,advocacy_nonprofit,nonprofit,0.9
Pasargad Development Corporation,transport_infrastructure,company,0.4
Pathways Alliance Inc.,advocacy_nonprofit,nonprofit,0.85
Pathways to Education Canada,advocacy_nonprofit,nonprofit,0.98
Patriotic Millionaires Canada,advocacy_nonprofit,nonprofit,0.99
Pauktuutit Inuit Women of Canada,advocacy_nonprofit,nonprofit,1
PayPal Canada,finance,company,1
Payments Canada,finance,public_body,0.75
Peace River Regional District,government_public,public_body,0.98
Peak Towers Development Ltd.,transport_infrastructure,company,0.94
PearTree Financial Services Ltd.,finance,company,0.99
Pearson Education Inc.,education_research,company,0.67
Peguis Consultation and Special Projects Inc.,advocacy_nonprofit,company,0.67
Pela,advocacy_nonprofit,nonprofit,0.78
Pelmorex Corp.,telecom_media,company,0.52
Pelmorex Media Inc.,telecom_media,company,0.9
Pelorus VC,advocacy_nonprofit,nonprofit,0.87
Peloton Interactive Inc.,retail_manufacturing,company,0.61
Pembina Pipeline Corporation,energy_resources,company,1
Pembroke and Area Airport,transport_infrastructure,nonprofit,0.87
Pengrowth Corporation,energy_resources,company,0.98
Peoples Group,advocacy_nonprofit,nonprofit,0.62
Peoples Trust,advocacy_nonprofit,nonprofit,0.81
Pepsico Canada ULC,agriculture_food,company,0.74
Performing Arts Consortium of Winnipeg (PAC),advocacy_nonprofit,nonprofit,0.9
Perimeter Institute for Theoretical Physics,education_research,nonprofit,0.99
Perley Health,health_pharma,nonprofit,0.83
Permolex Ltd.,energy_resources,company,0.26
Pet Food Association of Canada,industry_association,association,0.96
Pet Industry Joint Advisory Council (PIJAC Canada) Operating as Pets Canada,industry_association,association,1
Pet Industry Joint Advisory Council of Canada,industry_association,association,0.99
Petro Plastics Corporation Ltd,retail_manufacturing,company,0.45
Pets Canada,industry_association,association,0.54
Pfizer Canada ULC,health_pharma,company,1
Pharmascience Inc.,health_pharma,company,1
Philanthropic Foundations Canada,advocacy_nonprofit,nonprofit,1
Philips Canada,health_pharma,company,0.98
Philips Electronics Ltd. (doing business as Philips Canada),health_pharma,company,0.54
Phoslock Environmental Technologies,other,company,0.33
Pieridae Energy Limited,energy_resources,company,0.99
PiiComm Inc.,advocacy_nonprofit,company,0.49
Pimachiowin Aki Corporation,advocacy_nonprofit,nonprofit,0.79
"Pinterest, Inc.",technology,company,0.99
Pipe Line Contractors Association of Canada,energy_resources,association,0.6
Pitney Bowes Canada,technology,company,0.75
Pitney Bowes of Canada LTD,technology,company,0.59
Pitney Bowes of Canada Ltd.,technology,company,0.7
Pivot Bio,agriculture_food,company,0.98
Plaid Inc.,finance,company,0.98
Plan Canada,advocacy_nonprofit,nonprofit,1
Plan International Canada Inc.,advocacy_nonprofit,nonprofit,1
Planetary Technologies Inc.,technology,company,0.59
Plastics Sustainability Coalition,industry_association,nonprofit,0.47
PnuVax,health_pharma,nonprofit,0.95
Poetry in Voice,advocacy_nonprofit,nonprofit,0.99
Point Hope Maritime,transport_infrastructure,association,0.34
PointClickCare Corporation,technology,company,0.54
Polar Racking,advocacy_nonprofit,nonprofit,0.2
Polar Racking Inc.,other,company,0.38
Policy Insights Forum (PIF),advocacy_nonprofit,nonprofit,0.97
Polytechnics Canada,education_research,association,0.96
"Poppy Health (canada, inc)",health_pharma,company,0.93
Porsche Business Services Inc.,transport_infrastructure,company,0.97
Port Saint John,transport_infrastructure,nonprofit,0.8
Port of Argentia Inc.,transport_infrastructure,company,1
Porter Airlines,transport_infrastructure,company,1
Portfolio Management Association of Canada,finance,association,0.75
Portofino Bakery Inc.,agriculture_food,company,0.5
Postmedia Network Inc.,telecom_media,company,1
Potash Corporation of Saskatchewan Inc.,energy_resources,company,0.95
Potentia Renewables Inc.,energy_resources,company,0.96
Power Workers' Union,labour,nonprofit,0.99
Prairie Lithium,energy_resources,company,0.99
Prairie Lithium Corporation,energy_resources,company,0.99
Prairie Oat Growers Association,agriculture_food,association,0.78
Prairie Theatre Exchange,advocacy_nonprofit,nonprofit,0.98
Prairies Arts Coalition,advocacy_nonprofit,nonprofit,0.99
Pratt & Whitney Canada Corp,defence_aerospace,company,1
Pratt & Whitney Canada Corp.,defence_aerospace,company,1
Praxis Spinal Cord Institute,advocacy_nonprofit,nonprofit,0.79
Precision ADM Inc.,other,company,0.64
Premier Tech ltée,agriculture_food,company,0.47
Prescientx,other,company,0.35
PricewaterhouseCoopers LLP (PwC Canada),finance,company,0.77
Pride at Work Canada,labour,nonprofit,0.76
Prince Albert Grand Council,government_public,nonprofit,0.68
Prince Edward Island Fishermen's Association,agriculture_food,association,0.88
Prince Rupert Port Authority,transport_infrastructure,public_body,0.92
Prince's Trust Canada,advocacy_nonprofit,nonprofit,1
Private Forest Landowners Association,energy_resources,association,0.51
Privateer Holdings,other,company,0.51
Pro-Lab Diagnostics Inc.,health_pharma,company,0.96
Professional Association of Canadian Theatres (PACT),industry_association,association,0.54
Professional Footballers Association Canada,labour,association,0.99
Progress Energy Canada Ltd.,energy_resources,company,0.99
Progressive Contractors Association of Canada,industry_association,association,0.65
Progressive Policy Institute,advocacy_nonprofit,nonprofit,0.99
Project 8 Sports Inc.,other,company,0.36
Propulsion Quebec,defence_aerospace,association,0.65
Prospectors & Developers Association of Canada,energy_resources,association,0.7
Prospectors and Developers Association of Canada,energy_resources,association,0.73
Prosper Canada,advocacy_nonprofit,nonprofit,0.59
Protect Our Winters Canada,advocacy_nonprofit,nonprofit,1
Protein Industries Canada,industry_association,association,0.5
"Proterra, Inc.",transport_infrastructure,company,0.98
Protonify Corporation,advocacy_nonprofit,company,0.41
Province Brands of Canada,industry_association,association,0.52
Provincial Aerospace Limited,defence_aerospace,company,0.98
Psychedelics CanadaThe Canada Psychedelic Businesses Association,industry_association,association,0.97
Public Interest Advocacy Centre,advocacy_nonprofit,nonprofit,1
Public Legal Education Association of Canada,advocacy_nonprofit,nonprofit,1
Public Service Alliance of Canada,labour,nonprofit,1
Pulse Canada,agriculture_food,association,0.46
Purdue Pharma,health_pharma,company,1
Purdue Pharma Canada,health_pharma,company,1
Pure Storage,technology,company,1
Pure Sunfarms Corp.,agriculture_food,company,0.72
Purolator Courier Inc,transport_infrastructure,company,0.97
Purolator Inc.,transport_infrastructure,company,0.96
Q-Block Computing Inc.,technology,company,0.95
QVI Strategies Inc.,other,company,0.61
Qikiqtaaluk Arctic Economic Development LP,advocacy_nonprofit,company,0.31
Qorsa Corp.,other,company,0.53
Qu Data Centres Ltd.,technology,company,0.92
Qualcomm Incorporated,technology,company,1
Quantum Industry Canada,industry_association,association,0.82
Quebec Agrifood Innovation Center,agriculture_food,nonprofit,0.93
Quebec Center for Environmental Law,advocacy_nonprofit,nonprofit,1
Quebec Community Groups Network,advocacy_nonprofit,nonprofit,1
Quebec Environmental Law Centre,advocacy_nonprofit,nonprofit,1
Quebec Film and Television Council,industry_association,public_body,0.32
Quebec Forest Industry Council,industry_association,association,0.65
Quebec Forestry Industry Council,energy_resources,association,0.47
Quebec Port Authority,transport_infrastructure,public_body,0.81
Quebec forest industry council-QFIC,industry_association,association,0.62
Quebec senior's housing group,advocacy_nonprofit,nonprofit,0.97
Quebec's Federation of Chambers of Commerce,industry_association,association,1
Queen's University,education_research,nonprofit,1
QueerTech,advocacy_nonprofit,nonprofit,0.91
Questrade Financial Group Inc.,finance,company,1
Quota Allocation Working Group,industry_association,nonprofit,0.28
Québec Employers Council,industry_association,association,0.99
Québec Forest Industry Council,industry_association,association,0.65
RAILWAY ASSOCIATION OF CANADA (THE) (RAC),industry_association,association,0.48
RAREi - The Canadian Forum for Rare Disease Innovators,health_pharma,nonprofit,0.62
RBB Innovations Ltd.,advocacy_nonprofit,company,0.38
"RBP Canada Ltd., a subsidiary of Indivior PLC",health_pharma,company,1
RDEE Canada,advocacy_nonprofit,nonprofit,0.27
RE:Sound Music Licensing Company,industry_association,company,0.66
REAL PROPERTY ASSOCIATION OF CANADA (REALPAC),industry_association,association,0.72
RECREATION AND PARKS ASSOCIATION OF NUNAVUT,advocacy_nonprofit,association,0.94
REDCanada,advocacy_nonprofit,nonprofit,0.47
RESULTS Canada,advocacy_nonprofit,nonprofit,1
RGA Life Reinsurance Company of Canada,finance,company,1
RIVERSIDE FOREST PRODUCTS (2018) INC.,energy_resources,company,0.96
RJH Architecture + Planning & BuildingIN,transport_infrastructure,company,0.51
RM International Recruitment,other,company,0.55
ROYAL BANK OF CANADA,finance,company,1
"RSA, The Security Division of EMC",technology,company,0.99
RUNWITHIT Synthetics,advocacy_nonprofit,nonprofit,0.44
RUNWITHIT Synthetics Inc.,advocacy_nonprofit,company,0.2
RaceRocks,advocacy_nonprofit,nonprofit,0.84
Racial Equity Media Collective,advocacy_nonprofit,nonprofit,1
Railway Association of Canada,transport_infrastructure,association,0.47
Rainbow Railroad,advocacy_nonprofit,nonprofit,0.49
Ramp Business Corporation,other,company,0.4
Rampart International Corp.,other,company,0.58
Raoul Wallenberg Centre for Human Rights,advocacy_nonprofit,nonprofit,1
Rapid Virus Detect Ltd.,health_pharma,company,0.93
Raven Indigenous Capital Partners,finance,company,0.76
Raven Indigenous Outcomes Funds,advocacy_nonprofit,nonprofit,0.9
Ray-Mont Logistics International,transport_infrastructure,company,0.61
Ray-Mont Logistics International Inc.,transport_infrastructure,company,0.79
RaySecur,defence_aerospace,company,0.36
Raymond Chabot Grant Thorton,finance,company,0.69
Raytheon Canada Limited,defence_aerospace,company,1
Raytheon Company,defence_aerospace,company,1
Raytheon International Inc. (RII),defence_aerospace,company,1
Re:Sound,industry_association,association,0.73
Real Estate Foundation BC,transport_infrastructure,nonprofit,0.59
Real Ice Development Company,industry_association,company,0.59
"Real Jobs, Real Recovery Coalition",advocacy_nonprofit,nonprofit,0.87
Real Property Association of Canada,industry_association,association,0.72
Reconciliation Energy Transition Inc. (RETI),advocacy_nonprofit,nonprofit,0.49
Reconciliation Inc.,advocacy_nonprofit,nonprofit,0.98
Recreation Vehicle Dealers Association of Canada,industry_association,association,0.98
Recreation and Parks Association of Nunavut,advocacy_nonprofit,association,0.98
Red Bull Canada Ltd.,retail_manufacturing,company,0.64
Red Coalition Inc.,advocacy_nonprofit,nonprofit,0.85
Red Hat Canada Ltd,technology,company,1
Red River College Polytechnic,education_research,nonprofit,1
Redpath Sugar,agriculture_food,company,0.99
Redstone Food Group Ltd .,agriculture_food,company,1
Refraction Asset Management,finance,company,0.98
Refraction Asset Management Ltd.,finance,company,0.96
Regeneration Enterprises,advocacy_nonprofit,nonprofit,0.6
Regina Exhibition Association Limited,advocacy_nonprofit,association,0.66
Regina Symphony Orchestra,advocacy_nonprofit,nonprofit,0.99
Registered Massage Therapists Association of Ontario (via a contract with KWM Consulting Services Inc.),industry_association,association,0.41
Reliance Comfort Limited Partnership,other,company,0.28
Reliq Health,health_pharma,nonprofit,0.95
Renewable Industries Canada,industry_association,association,0.61
Rental Housing Canada,industry_association,association,0.8
Replenish Nutrients Inc.,health_pharma,company,0.72
Repsol Oil & Gas Canada Inc.,energy_resources,company,1
Research Canada,education_research,nonprofit,0.72
Research Canada:  An Alliance for Health Discovery / Recherche Canada : Une alliance pour les découvertes en santé,health_pharma,nonprofit,0.68
Research New Brunswick,education_research,nonprofit,0.89
ResearchNB,education_research,nonprofit,0.57
Residential and Civil Construction Alliance of Ontario (RCCAO),industry_association,association,0.86
"Resilience Biotechnologies, Inc.",health_pharma,company,0.98
Resilient Healthcare Coalition,advocacy_nonprofit,nonprofit,0.46
Resolute FP Canada Inc,energy_resources,company,0.75
Resolute FP Canada Inc.,energy_resources,company,0.72
Resolute Forest Products,energy_resources,company,0.97
Restaurant Brands International Inc.,retail_manufacturing,company,0.52
Restaurants Canada,industry_association,association,0.99
Resverlogix Corporation,health_pharma,company,0.8
Retail Council of Canada,industry_association,association,0.66
Rethink Breast Cancer,advocacy_nonprofit,nonprofit,0.87
Rheinmetall Canada Inc.,defence_aerospace,company,1
Richardson International Limited,agriculture_food,company,0.7
Rick Hansen Foundation,advocacy_nonprofit,nonprofit,0.98
Rick Hansen Man in Motion Foundation,advocacy_nonprofit,nonprofit,0.99
Rideau Institute,advocacy_nonprofit,nonprofit,0.78
Ridley Terminals Inc.,transport_infrastructure,company,0.97
Ridley Terminals Users Group,transport_infrastructure,nonprofit,0.48
Right To Play,advocacy_nonprofit,nonprofit,1
Riipen,technology,company,0.36
Rio Tinto Aluminium,energy_resources,company,1
Rio Tinto Canada Management Inc,energy_resources,company,1
River Cree Ventures,advocacy_nonprofit,nonprofit,0.46
"Rivian Automotive, LLC",transport_infrastructure,company,0.99
RockTech Lithium Inc.,energy_resources,company,0.99
Rocky Mountaineer Vacations,transport_infrastructure,company,0.89
Rogers Communications Inc.,telecom_media,company,1
Rolls-Royce Canada Limited,defence_aerospace,company,1
Ronald McDonald House BC & Yukon,advocacy_nonprofit,nonprofit,0.68
Ronald McDonald House Canada,advocacy_nonprofit,nonprofit,0.7
Ronald McDonald House Charities Alberta,advocacy_nonprofit,nonprofit,0.72
Ronald McDonald House Charities Alberta Society,advocacy_nonprofit,nonprofit,0.76
Ronald McDonald House Charities Atlantic Association,advocacy_nonprofit,nonprofit,0.78
Ronald McDonald House Charities Canada,advocacy_nonprofit,nonprofit,0.71
Ronald McDonald House Charities Toronto,advocacy_nonprofit,nonprofit,0.73
Ronald McDonald House Saskatchewan,advocacy_nonprofit,nonprofit,0.7
Ronald McDonald House Southwestern Ontario,advocacy_nonprofit,nonprofit,0.66
Rosaline J Hill Architect Inc.,transport_infrastructure,company,0.38
Rosenswig McRae Thorpe LLP,other,company,0.72
Roshel,advocacy_nonprofit,nonprofit,0.55
Roshel Inc.,other,company,0.48
Roswall Development Inc.,transport_infrastructure,company,0.36
Rotary International,advocacy_nonprofit,nonprofit,1
"Rothmans, Benson & Hedges Inc.",retail_manufacturing,company,0.83
Rothsay Biodiesel,energy_resources,company,0.91
Royal Canadian Legion RCL Kennebecasis Br 58,advocacy_nonprofit,nonprofit,1
Royal Caribbean Group,transport_infrastructure,company,0.8
Royal College of Physicians and Surgeons of Canada,health_pharma,nonprofit,0.78
Royal Manitoba Theatre Centre,advocacy_nonprofit,nonprofit,0.99
Royal Ontario Museum,advocacy_nonprofit,nonprofit,0.89
Royal Winnipeg Ballet,advocacy_nonprofit,nonprofit,0.98
Rumble Canada Inc.,telecom_media,company,0.53
Running Tide Technologies Inc.,technology,company,0.66
Rural Municipalities of Alberta,government_public,association,1
Rural Opportunity and Investment Coalition,advocacy_nonprofit,nonprofit,0.85
Rural Prosperity Group,advocacy_nonprofit,nonprofit,0.77
Russell Township,government_public,public_body,0.95
"S.C. Johnson & Son, Inc.",retail_manufacturing,company,1
S2E Technologies Inc.,technology,company,0.86
SAD Network,advocacy_nonprofit,nonprofit,0.86
SALVATION ARMY CANADA AND BERMUDA TERRITORY (THE),advocacy_nonprofit,nonprofit,1
SANEXEN ENVIRONMENTAL SERVICES INC.,advocacy_nonprofit,company,0.62
SAP Canada Inc.,technology,company,1
SASKATCHEWAN ASSOCIATION OF RURAL MUNICIPALITIES (SARM),government_public,association,0.97
SCALE AI - Canadian Artificial Intelligence Supercluster,technology,association,0.83
SEAFOOD PRODUCERS ASSOCIATION OF NOVA SCOTIA,agriculture_food,association,0.5
SEIU Healthcare,labour,nonprofit,1
SFU Community Corporation,education_research,nonprofit,0.57
SIERRA CLUB OF CANADA,advocacy_nonprofit,nonprofit,1
"SOCAN (the Society of Composers, Authors and Music Publishers of Canada)",industry_association,association,0.6
SOS Children's Villages Canada,advocacy_nonprofit,nonprofit,1
SOVRA,other,nonprofit,0.36
SPURIC Canadian Data Centre Operations Inc,technology,company,0.89
SQI Diagnostics Inc.,health_pharma,company,0.95
SSi Micro,technology,company,0.74
STEMCELL Technologies Canada Inc.,health_pharma,company,1
STO,other,association,0.34
STYL&TECH,advocacy_nonprofit,nonprofit,0.28
"SWITCH, the Alliance for a Green Economy",advocacy_nonprofit,nonprofit,0.99
SWTCH Energy Inc.,energy_resources,company,0.99
"Saab Canada, Inc.",defence_aerospace,company,1
Sacred Waters Development,advocacy_nonprofit,nonprofit,0.94
Safe Quiet Lakes Decible Coalition,advocacy_nonprofit,nonprofit,0.97
Safehaven,advocacy_nonprofit,nonprofit,0.76
Safety Power Inc.,energy_resources,company,0.35
Sagen Mortgage Insurance Company Canada,finance,company,1
Saguenay-Le Fjord Chamber of Commerce and Industry,industry_association,association,1
SailPoint Technologies Inc.,technology,company,1
Saint Joseph's Oratory of Mount Royal,advocacy_nonprofit,nonprofit,0.99
Salesforce.com,technology,company,1
Salesforce.com Canada Corporation,technology,company,1
Samsung Electronics Canada Inc.,technology,company,0.93
"Samuel, Son & Co., Limited",energy_resources,company,0.21
San Terminals Ltd.,transport_infrastructure,company,0.93
Sanctuary Cognitive Systems Corporation,technology,company,0.91
Sandoz Canada Inc.,health_pharma,company,1
Sanofi Vaccines Canada Ltd.,health_pharma,company,1
Sanuvox Technologies Inc.,technology,company,0.55
Saputo Foods Limited and Saputo Dairy Products Canada GP,agriculture_food,company,1
Saputo inc/Saputo Dairy Products Canada G.P.,agriculture_food,company,1
Sarona Asset Management Inc.,finance,company,0.98
SaskMilk,industry_association,association,0.47
SaskMilk (Saskatchewan Milk Marketing Board),agriculture_food,association,0.75
SaskPower Corporation,energy_resources,public_body,0.94
SaskTel Centre,telecom_media,company,0.36
Saskatchewan Association of Rural Municipalities,government_public,association,0.99
Saskatchewan Canola Development Commission (SaskCanola),agriculture_food,association,0.82
Saskatchewan Chamber of Commerce,industry_association,association,1
Saskatchewan Environmental Society,advocacy_nonprofit,nonprofit,1
Saskatchewan Flax Development Commission,agriculture_food,association,0.89
Saskatchewan Industrial and Mining Suppliers Association,industry_association,association,0.85
Saskatchewan Milk Marketing Board,agriculture_food,association,0.86
Saskatchewan Mining Association,energy_resources,association,0.61
Saskatchewan Mining Association Inc.,energy_resources,association,0.64
Saskatchewan Polytechnic,education_research,nonprofit,1
Saskatchewan Power Corporation,energy_resources,public_body,0.95
Saskatchewan Research Council,education_research,nonprofit,0.95
Saskatchewan Telecommunications,telecom_media,company,0.98
Saskatoon Transportation Link Ltd.,transport_infrastructure,company,0.87
Satellogic North America,defence_aerospace,company,0.77
Saugeen First Nation,government_public,nonprofit,0.99
Save the Children Canada,advocacy_nonprofit,nonprofit,1
SavvyDox,advocacy_nonprofit,nonprofit,0.57
Scandinavian Tobacco Group Canada Inc.,retail_manufacturing,company,0.85
Scandium Canada Ltd,energy_resources,company,0.38
Schneider Electric Canada Inc.,energy_resources,company,0.64
Science World British Columbia,advocacy_nonprofit,nonprofit,0.7
Score Media and Gaming Inc.,telecom_media,company,0.95
Scotiabank,finance,company,1
Scotts Canada Limited,retail_manufacturing,company,0.61
Scotts Canada Ltd.,retail_manufacturing,company,0.68
Screen Composers Guild of Canada,labour,association,0.48
Seabridge Gold,energy_resources,company,1
Seabridge Gold Inc.,energy_resources,company,1
Seafarers International Union of Canada,labour,nonprofit,1
Seaspan Shipyards,defence_aerospace,company,0.99
Second Harvest,advocacy_nonprofit,nonprofit,0.94
Secure Future Research Ltd DBA ControlAI,technology,company,0.92
SecureKey Technologies Inc,technology,company,0.91
SecureKey Technologies Inc.,technology,company,0.92
SecurityScorecard,technology,company,0.98
Sedgwick Strategies Incorporated,other,company,0.62
SeedChange,advocacy_nonprofit,nonprofit,0.91
Seeds Canada,agriculture_food,association,0.52
Select Aviation College,education_research,nonprofit,0.88
Semiahmoo First Nation,government_public,nonprofit,0.99
Seneca College of Applied Arts and Technology,education_research,nonprofit,1
Seqirus Canada,health_pharma,company,1
Seqirus Canada Inc.,health_pharma,company,1
Sequence Bio,health_pharma,company,0.78
Serco Canada,defence_aerospace,company,0.88
Service Employees International Union (SEIU Healthcare),labour,nonprofit,1
ServiceNow,technology,company,1
ServiceNow Canada,technology,company,1
Servus Credit Union,finance,nonprofit,1
Servus Credit Union LTD.,finance,company,1
Seymour Health Centre Inc.,health_pharma,nonprofit,0.89
Shakepay Inc.,finance,company,0.95
Sharp Electronics of Canada Ltd.,technology,company,0.49
Shaw Communications,telecom_media,company,1
Shaw Festival,advocacy_nonprofit,nonprofit,0.97
Shaw Festival Theatre,advocacy_nonprofit,nonprofit,0.97
Shaw Rocket Fund,advocacy_nonprofit,nonprofit,0.62
Shaw's Enterprises Ltd.,other,company,0.48
Shell Canada Limited,energy_resources,company,1
Shelter Movers,advocacy_nonprofit,nonprofit,0.54
Sherritt International Corporation,energy_resources,company,0.99
Sheshegwaning First Nation,government_public,nonprofit,0.95
Shield Group LP,other,company,0.47
Shock Trauma Air Rescue Service (STARS),health_pharma,nonprofit,0.49
Shopify Inc.,technology,company,0.99
Shoppers Drug Mart,health_pharma,company,0.47
Shouldice Hospital,health_pharma,nonprofit,0.99
ShyftLabs,advocacy_nonprofit,company,0.43
Sidewalk Labs LLC,technology,company,0.96
Siemens Canada Limited,retail_manufacturing,company,0.4
Siemens Energy Canada Limited,energy_resources,company,1
Sightline Innovation,advocacy_nonprofit,nonprofit,0.4
Sightline Innovation Inc.,other,company,0.36
Sigma Energy Storage Inc.,energy_resources,company,1
Sikh Federation of Canada,advocacy_nonprofit,nonprofit,1
Siksika Board of Education,government_public,nonprofit,0.7
Simergex inc,advocacy_nonprofit,company,0.41
Simon Fraser University,education_research,nonprofit,1
Sinopec Canada,energy_resources,company,1
Sio Silica,industry_association,association,0.31
Skeena Watershed Conservation Coalition,advocacy_nonprofit,nonprofit,1
Skills Canada,advocacy_nonprofit,nonprofit,0.72
Skills for Change of Metro Toronto,advocacy_nonprofit,nonprofit,0.94
Skills/Compétences Canada Corporation,advocacy_nonprofit,nonprofit,0.76
Skway First Nation,government_public,nonprofit,0.97
SkyAlyne Canada Inc.,defence_aerospace,company,0.22
SkyCan Systems,advocacy_nonprofit,company,0.26
SkyCan Systems Inc.,advocacy_nonprofit,company,0.21
"Skydio, Inc.",defence_aerospace,company,0.62
Sleeman Breweries Ltd.,agriculture_food,company,0.45
Small Change Fund,advocacy_nonprofit,nonprofit,0.97
Small Guys Cigar Group,industry_association,association,0.73
Small Guys Tobacco Group,industry_association,association,0.76
Smart Health Benefits Coalition,health_pharma,nonprofit,0.39
Snap ULC,technology,company,0.64
Snowline Gold Corp.,energy_resources,company,0.99
Sobeys Inc.,agriculture_food,company,0.72
Social Capital Partners,advocacy_nonprofit,company,0.63
Social Innovation Canada,advocacy_nonprofit,nonprofit,1
Society for the Prevention of Cruelty to Animals (SPCA Montreal),advocacy_nonprofit,nonprofit,1
"Society of Composers, Authors & Music Publishers of Canada (SOCAN)",industry_association,association,0.68
"Society of Composers, Authors & Music Publishers of Canada / Société canadienne des auteurs, compositeurs et éditeurs de musique (SOCAN)",industry_association,association,0.58
Society of Obstetricians and Gynaecologists of Canada (SOGC),health_pharma,association,0.81
Society of Professional Engineers and Associates,industry_association,association,0.34
Society of Rural Physicians of Canada,health_pharma,association,0.54
"Société des auteurs de radio, télévision et cinéma (SARTEC)?",advocacy_nonprofit,association,0.26
Sofina Foods Inc.,agriculture_food,company,0.98
Solace Systems,technology,company,0.48
Solid State Community Society,advocacy_nonprofit,nonprofit,0.67
Sollio Cooperative Group,agriculture_food,association,0.73
Solvest Inc.,other,company,0.45
Sonderbloom,advocacy_nonprofit,nonprofit,0.69
Songbird,advocacy_nonprofit,nonprofit,0.79
Songwriters Association of Canada,advocacy_nonprofit,association,0.65
Sonography Canada,health_pharma,association,0.63
Soowahlie First Nation,government_public,nonprofit,0.91
Soricimed Biopharma Inc.,health_pharma,company,1
South Bow Canada Services Ltd.,other,company,0.43
South Bow USA Services Inc.,other,company,0.45
South Essex Fabricating,retail_manufacturing,company,0.79
Southpaw Technology,technology,company,0.95
Southwestern Integrated Fibre Technology Inc.,technology,company,0.42
Soy Canada Inc.,agriculture_food,association,0.53
Space Exploration Technologies Company (SpaceX),defence_aerospace,company,1
Space Strategies Consulting Ltd (SSCL),defence_aerospace,company,0.77
SpaceX Canada Corp.,defence_aerospace,company,1
Spaceium Inc.,defence_aerospace,company,0.76
Spark Centre,advocacy_nonprofit,nonprofit,0.85
Special Areas and Oyen Development Corporation,government_public,public_body,0.63
Special Olympics Canada,advocacy_nonprofit,nonprofit,1
Spectra Aluminum Products Ltd.,retail_manufacturing,company,0.86
Spectra Premium Mobility Solutions Canada Ltd,transport_infrastructure,company,0.91
Spectra Premium Mobility Solutions Canada Ltd.,transport_infrastructure,company,0.9
Speech-Language & Audiology Canada,advocacy_nonprofit,nonprofit,0.82
Spicer Marine Energy Inc.,energy_resources,company,0.98
Spirits Canada,industry_association,association,0.99
Sport Matters,advocacy_nonprofit,nonprofit,0.97
Spotify Canada,telecom_media,company,1
Spotify Canada Inc.,telecom_media,company,1
Spring Activator,advocacy_nonprofit,nonprofit,0.89
"SpringBoard West Innovations, Inc.",advocacy_nonprofit,company,0.42
Spuzzum First Nation,government_public,nonprofit,0.99
"Square Canada, Inc.",finance,company,0.94
"Square, Inc.",finance,company,0.92
Squiala First Nation,government_public,nonprofit,0.97
St Barbara Mining,energy_resources,company,1
St. Boniface General Hospital,health_pharma,nonprofit,1
St. Boniface Hospital Foundation,health_pharma,nonprofit,0.93
St. John Ambulance Canada,advocacy_nonprofit,nonprofit,0.58
St. John's Dockyard Limited,defence_aerospace,company,0.75
St. Lawrence Economic Development Council (SODES),advocacy_nonprofit,nonprofit,0.73
St. Lawrence Ship Operators,industry_association,association,0.47
Stackpole International,industry_association,nonprofit,0.21
Stand Environmental Society,advocacy_nonprofit,nonprofit,0.99
Standard Aero Ltd,defence_aerospace,company,0.9
Standard Machine,retail_manufacturing,company,0.53
Standardbred Canada,industry_association,association,0.75
Stanley Brothers Canada,industry_association,association,0.34
"Starkey Laboratories, Inc.",health_pharma,company,1
Starlight Developments,other,company,0.39
Starlight Group Property Holdings Inc.,transport_infrastructure,company,0.99
Starlight Investments,finance,company,0.91
Startup Canada,advocacy_nonprofit,nonprofit,0.54
Statoil Canada Ltd.,energy_resources,company,1
Steelcase Canada Ltd.,retail_manufacturing,company,0.98
Steelworkers Humanity Fund,labour,nonprofit,0.7
Stelco,retail_manufacturing,company,0.62
Stelco Inc.,retail_manufacturing,company,0.72
Stella-Jones Inc.,transport_infrastructure,company,0.71
Stelumar Advanced Manufacturing Inc.,retail_manufacturing,company,0.83
Stelumar Advanced Manufacturing Incorporated,retail_manufacturing,company,0.78
Stem Cell Network,advocacy_nonprofit,nonprofit,0.57
Stephen Lewis Foundation,advocacy_nonprofit,nonprofit,1
Stewart World Port Services Ltd.,transport_infrastructure,company,0.98
Stone Creek Resorts Inc.,other,company,0.49
StormFisher Hydrogen,energy_resources,company,0.95
StormFisher Hydrogen (formerly StormFisher Environmental Ltd.),energy_resources,company,0.84
Stratford Shakespearean Festival of Canada,advocacy_nonprofit,nonprofit,0.99
Stripe,finance,company,0.83
Strix Aero Inc.,defence_aerospace,company,0.98
Strongest Families Institute,advocacy_nonprofit,nonprofit,1
Stswecem'c Xgat'tem,government_public,nonprofit,0.93
Sturgeon Lake Cree Nation,government_public,nonprofit,0.99
Sucker Creek First Nation 150A,government_public,nonprofit,0.99
Sultran Ltd.,other,company,0.4
Sun Life Financial Inc.,finance,company,1
Sunchild First Nation School,government_public,nonprofit,0.8
Suncor Energy Inc.,energy_resources,company,1
Sundial Growers Inc.,agriculture_food,company,0.86
Sunnybrook Foundation,health_pharma,nonprofit,0.66
Sunoco LP,energy_resources,company,1
Sunshine Village Corporation,other,company,0.26
Sunwing Airlines Inc.,transport_infrastructure,company,1
Sunwing Travel Group,transport_infrastructure,company,0.92
Supplier Diversity Alliance Canada (SDAC),advocacy_nonprofit,nonprofit,0.89
Supply Chain Management Association,industry_association,association,0.99
Supply-Build Canada,industry_association,association,0.36
Support Ontario Youth,advocacy_nonprofit,nonprofit,1
SupremeX Inc.,other,company,0.47
Surety Association of Canada,industry_association,association,0.53
Survivor's Circle for Reproductive Justice,advocacy_nonprofit,nonprofit,1
Sustainability CoLab,advocacy_nonprofit,nonprofit,0.99
Sustainable Development Technology Canada,advocacy_nonprofit,nonprofit,0.95
Sustainable Menstrual Equity in Canada Coalition,advocacy_nonprofit,nonprofit,1
Sustainable Waterloo Region,advocacy_nonprofit,nonprofit,0.99
Sustane Technologies Inc,technology,company,0.61
Svante Technologies Inc.,technology,company,0.54
Sweat Lodge Technologies Inc.,technology,company,0.38
Swiss Reinsurance Company Ltd,finance,company,1
Swiss Reinsurance Company Ltd.,finance,company,1
Sydney Credit Union,finance,nonprofit,0.99
Symcor Inc.,finance,company,0.34
Symphony New Brunswick,advocacy_nonprofit,nonprofit,0.97
Synaptive Medical Inc.,health_pharma,company,0.98
Syncrude Canada Ltd.,energy_resources,company,1
Syngenta,agriculture_food,company,0.99
Syngenta Canada,agriculture_food,company,0.99
Syngenta Canada Inc.,agriculture_food,company,1
Sysco Canada Inc.,agriculture_food,company,0.99
TALQ,industry_association,association,0.37
TC Energy,energy_resources,company,1
TC Energy Corporation,energy_resources,company,1
TEAMSTERS CANADA,labour,nonprofit,1
TECHNATION,technology,nonprofit,0.49
TECHNATION Canada,technology,association,0.37
TELUS Corporation,telecom_media,company,1
TELUS Health Care Centres,health_pharma,company,0.92
TELUS Health Inc.,health_pharma,company,0.91
TELUS Spark Science Centre,advocacy_nonprofit,nonprofit,0.67
THALIDOMIDE SURVIVORS TASKFORCE,advocacy_nonprofit,nonprofit,0.99
THE CALGARY AIRPORT AUTHORITY,transport_infrastructure,public_body,0.93
THE GROWCER INC.,agriculture_food,company,0.88
TJP Labs INC.,other,company,0.37
TLN Media Group,telecom_media,company,0.85
TLScontact,other,company,0.6
TMX Group,finance,company,0.99
TMX Group Limited,finance,company,0.99
TO Live,advocacy_nonprofit,nonprofit,0.92
TRANSPORT NANUK INC.,transport_infrastructure,company,0.88
TRIO Fertility,health_pharma,company,0.96
TRIUMF,education_research,nonprofit,0.94
TRYCYCLE DATA SYSTEMS,technology,company,0.83
TSG Interactive Services Limited,technology,company,0.22
TURKEY FARMERS OF CANADA,agriculture_food,association,0.9
Ta'an Kwäch'än Council,government_public,nonprofit,0.97
Tactiql,advocacy_nonprofit,nonprofit,0.53
Tahoe Resources Inc.,energy_resources,company,1
Take a Hike Foundation,advocacy_nonprofit,nonprofit,0.99
Takeda Canada,health_pharma,company,1
Takeda Canada Inc.,health_pharma,company,1
TakingITGlobal,advocacy_nonprofit,nonprofit,0.99
Takla Nation,government_public,nonprofit,0.74
Talisman Energy Inc.,energy_resources,company,1
Tanium,technology,company,1
Tapestry Community Capital,advocacy_nonprofit,nonprofit,0.59
Taseko Mines Limited,energy_resources,company,1
Tata Consultancy Services Canada,technology,company,1
Tataskweyak Cree Nation,government_public,nonprofit,0.95
Tax-Filer Empowerment Canada,advocacy_nonprofit,nonprofit,0.95
Tea and Herbal Association of Canada,industry_association,association,0.79
Tech-Access Canada,advocacy_nonprofit,nonprofit,0.71
Teck Coal Limited,energy_resources,company,1
Teck Resources Limited,energy_resources,company,1
TekSavvy Solutions Inc.,telecom_media,company,0.99
Telesat Corporation,telecom_media,company,1
Telus,telecom_media,company,1
Telus Corporation,telecom_media,company,1
"Tenable, Inc.",technology,company,1
Tenaris Global Services (Canada) Inc,energy_resources,company,0.96
Tenaris S.A.,energy_resources,company,0.95
Tennis Canada,advocacy_nonprofit,nonprofit,0.93
Terlin Construction Ltd,transport_infrastructure,company,0.97
Terra International (Canada) Inc.,advocacy_nonprofit,company,0.38
TerraVest Industries Inc.,energy_resources,company,0.46
Terramera,advocacy_nonprofit,nonprofit,0.23
"Terramera, Inc.",agriculture_food,company,0.27
Terrestrial Energy Inc,energy_resources,company,1
Terrestrial Energy Inc.,energy_resources,company,1
Terry Fox Humanitarian Awards,advocacy_nonprofit,nonprofit,0.98
Terry Fox Humanitarian Awards Inc.,advocacy_nonprofit,nonprofit,0.99
Terry Fox Research Institute,health_pharma,nonprofit,0.53
Tervita,other,company,0.22
Tesla Motors Canada ULC,transport_infrastructure,company,0.99
Tetra Pak,agriculture_food,company,0.8
Teva Canada Limited,health_pharma,company,1
Textile Rental Services Association,industry_association,association,1
Thales Canada,defence_aerospace,company,1
The Alliance for Visitor's Tax Refund,advocacy_nonprofit,nonprofit,0.46
The Alliance for Visitors Tax Refund,industry_association,nonprofit,0.54
The Archdiocese of Toronto,advocacy_nonprofit,nonprofit,0.99
The Association for the Protection of Fur-Bearing Animals,advocacy_nonprofit,nonprofit,1
The Association of Canadian Disability Benefit Professionals,advocacy_nonprofit,association,0.66
The Association of Faculties of Medicine of Canada,education_research,association,0.6
The BC Dairy Association,agriculture_food,association,0.53
The Banff Centre,advocacy_nonprofit,nonprofit,0.74
The Banting Research Foundation,advocacy_nonprofit,nonprofit,0.47
The Bissell Centre,advocacy_nonprofit,nonprofit,0.77
The Body Shop Canada,retail_manufacturing,company,1
The Body Shop Canada Limited,retail_manufacturing,company,1
The Business Higher Education Roundtable,industry_association,association,0.72
The Calgary Airport Authority,transport_infrastructure,public_body,0.98
The Canada Life Assurance Company,finance,company,1
The Canadian Audit and Accountability Foundation,advocacy_nonprofit,nonprofit,0.92
The Canadian Camps Association,industry_association,association,0.56
The Canadian Chiropractic Association,health_pharma,association,0.56
The Canadian Committee for a Sustainable Eel Fishery (CCSEF),agriculture_food,nonprofit,0.44
The Canadian Copyright Licensing Agency,industry_association,association,0.34
The Canadian Corps of Commissionaires,industry_association,association,0.72
The Canadian Council for Public-Private Partnerships,advocacy_nonprofit,association,0.41
The Canadian Dental Hygienist Association,health_pharma,association,0.43
The Canadian Dental Hygienists Association,health_pharma,association,0.5
The Canadian Geothermal Energy Association (CanGEA),industry_association,association,0.53
The Canadian Independent Fish Harvester's Federation,agriculture_food,association,0.76
The Canadian Internet Society,advocacy_nonprofit,nonprofit,0.85
The Canadian Lenders Association,finance,association,0.52
The Canadian Lung Association,advocacy_nonprofit,nonprofit,0.5
The Canadian National Railway Company,transport_infrastructure,company,1
The Canadian Real Estate Association,industry_association,association,0.77
The Canadian SHIELD Institute for Public Policy,advocacy_nonprofit,nonprofit,0.89
The Canadian Society of Respiratory Therapists,health_pharma,association,0.61
The Canadian Vaping Association,industry_association,association,0.83
The Centre for Israel and Jewish Affairs,advocacy_nonprofit,nonprofit,1
The Centre for Sexuality,advocacy_nonprofit,nonprofit,1
The Century Initiative,advocacy_nonprofit,nonprofit,0.83
The Citizens Foundation Canada,advocacy_nonprofit,nonprofit,0.99
The Co-operators Group Limited,finance,company,1
The Co-operators Group Ltd.,finance,company,0.99
The College of Family Physicians of Canada,health_pharma,association,0.8
The College of Immigration and Citizenship Consultants,industry_association,association,0.74
The Corporation of Massey Hall and Roy Thomson Hall,advocacy_nonprofit,nonprofit,0.96
The Denturist Association of Canada,health_pharma,association,0.4
The Design Exchange,advocacy_nonprofit,nonprofit,0.64
The Digital Research Alliance of Canada,industry_association,nonprofit,0.31
The Duty Free at Peace Bridge Inc.,industry_association,nonprofit,0.57
The Empire Life Insurance Company,finance,company,1
The Explorers and Producers Association of Canada,energy_resources,association,0.81
The Financial Advisors Association of Canada,finance,association,0.59
The Fruit and Vegetable Dispute Resolution Corporation,industry_association,association,0.49
"The Global Fund to Fight AIDS, Tuberculosis and Malaria",advocacy_nonprofit,nonprofit,0.67
The Home Depot,retail_manufacturing,company,0.99
The Home Depot Canada,retail_manufacturing,company,0.99
The Home Depot of Canada Inc,retail_manufacturing,company,0.99
The Hospital for Sick Children (SickKids),health_pharma,nonprofit,0.99
The Hydropothecary Corporation,industry_association,company,0.38
The Immigration Consultants of Canada Regulatory Council,industry_association,association,0.81
The Independent Order of Foresters (dba Foresters Financial),finance,company,0.99
The Institute of Internal Auditors,industry_association,association,0.7
The International CCS Knowledge Centre,advocacy_nonprofit,nonprofit,0.42
The Jesse Davidson Foundation - Defeat Duchenne Canada,advocacy_nonprofit,nonprofit,0.84
The Kidney Foundation of Canada,health_pharma,nonprofit,0.51
The King's Trust Canada,advocacy_nonprofit,nonprofit,1
The Little Potato Company Ltd.,agriculture_food,company,0.89
The Lung Health Foundation,advocacy_nonprofit,nonprofit,0.66
The MATCH International Women's Fund,advocacy_nonprofit,nonprofit,1
The Minacs Group Inc,other,company,0.42
The Mining Association of Canada (MAC),industry_association,association,0.48
The Mosaic Company,agriculture_food,company,0.46
The Motion Picture Association  Canada,industry_association,association,0.71
The National Benefit Authority,advocacy_nonprofit,nonprofit,0.85
The National Council of Canadian Muslims,advocacy_nonprofit,nonprofit,1
The Nature Conservancy,advocacy_nonprofit,nonprofit,1
The Nature Conservancy of Canada,advocacy_nonprofit,nonprofit,1
The Nature Trust of British Columbia,advocacy_nonprofit,nonprofit,1
The Nelson Project,advocacy_nonprofit,nonprofit,0.87
The North West Company,industry_association,company,0.22
"The Ontario Association of Consultants, Counsellors, Psychometrists and Psychotherapists",advocacy_nonprofit,association,0.35
The Ontario Flue-Cured Tobacco Growers Marketing Board,agriculture_food,association,0.88
The Ontario Horticultural Trades Foundation (Highway of Heroes Tree Campaign),advocacy_nonprofit,nonprofit,0.75
The Ontario Lung Association,advocacy_nonprofit,nonprofit,0.48
The Powell Group,other,company,0.59
"The Priory of Canada of the Most Venerable Order of the Hospital of St. John of Jerusalem (St. John Ambulance, National Office)",advocacy_nonprofit,nonprofit,0.79
The Professional Association of Foreign Service Officers (PAFSO),labour,association,0.58
The Professional Institute for the Public Service of Canada,labour,nonprofit,0.96
The Quebec Forest Industry Council,industry_association,association,0.64
The Regional Municipality of York,government_public,public_body,1
The Rosdev Group,advocacy_nonprofit,company,0.3
The Rose Corporation,other,company,0.48
The Salvation Army Canada and Bermuda Territory,advocacy_nonprofit,nonprofit,1
The Samara Centre for Democracy,advocacy_nonprofit,nonprofit,0.99
The Saskatchewan Parks and Recreation Association,advocacy_nonprofit,association,0.93
The Schizophrenia Society of Canada,advocacy_nonprofit,nonprofit,0.85
The Shine Network Institute,advocacy_nonprofit,nonprofit,0.88
The Shipping Federation of Canada,industry_association,association,0.88
The Toronto-Dominion Bank,finance,company,1
The Transport Project Canada,transport_infrastructure,nonprofit,0.57
The UBC Graduate Student Society,advocacy_nonprofit,nonprofit,0.49
The USAND Group,industry_association,association,0.28
The United Church of Canada,advocacy_nonprofit,nonprofit,1
The University of British Columbia,education_research,nonprofit,1
The University of Regina,education_research,nonprofit,1
The University of Western Ontario,education_research,nonprofit,1
The University of Winnipeg,education_research,nonprofit,1
The Vimy Foundation,advocacy_nonprofit,nonprofit,1
The W. Garfield Weston Foundation,advocacy_nonprofit,nonprofit,0.83
The Walt Disney Company,telecom_media,company,0.99
The Walt Disney Company (Canada) Ltd.,telecom_media,company,1
The Womens Enterprise Organizations of Canada,advocacy_nonprofit,nonprofit,0.93
The Writers' Union of Canada,labour,nonprofit,0.57
Theatre Calgary,advocacy_nonprofit,nonprofit,0.98
Theatre New Brunswick,advocacy_nonprofit,nonprofit,0.98
Theon Sensors S.A.,technology,company,0.72
TheraPsil,health_pharma,nonprofit,0.59
Thermo Fisher Scientific,health_pharma,company,0.97
ThinkOn Inc.,advocacy_nonprofit,company,0.44
Thinking Robot Studios,technology,nonprofit,0.54
Thompson Rivers University,education_research,nonprofit,1
Thorncliffe Park Development Group,advocacy_nonprofit,nonprofit,0.51
Thought Partnership Corporation,advocacy_nonprofit,company,0.64
Thrive Career Wellness Platform,advocacy_nonprofit,nonprofit,0.83
ThyssenKrupp Marine Systems Canada Inc.,defence_aerospace,company,1
Ticketmaster Canada,telecom_media,company,0.48
Tides Canada,advocacy_nonprofit,nonprofit,0.89
Tidewater Midstream and Infrastructure Ltd.,energy_resources,company,1
Tidewater Renewables Ltd.,energy_resources,company,0.99
Tik Tok Canada,technology,company,0.78
TikTok Canada,technology,company,0.78
TikTok Technology Canada Inc,technology,company,0.92
TikTok Technology Canada Inc.,technology,company,0.93
Tilray,health_pharma,company,0.61
"Tilray Brands, Inc. (formerly Aphria Inc.)",health_pharma,company,0.59
Tilray Inc.,health_pharma,company,0.64
Tim Horton Children's Foundation,advocacy_nonprofit,nonprofit,0.93
Tim Hortons Inc.,retail_manufacturing,company,0.71
TimberWest Forest Corp.,energy_resources,company,0.99
Tlowitsis Nation,government_public,nonprofit,0.97
Tools & Fasteners,industry_association,association,0.84
Top Aces Inc.,defence_aerospace,company,0.92
Torngat Metals Ltd.,energy_resources,company,0.99
Toronto Association of Business Improvement Areas (TABIA),industry_association,association,0.85
Toronto Biennial of Art,advocacy_nonprofit,nonprofit,0.99
Toronto Business Development Centre,industry_association,nonprofit,0.57
Toronto International Film Festival,advocacy_nonprofit,nonprofit,0.86
Toronto Metropolitan University,education_research,nonprofit,1
Toronto Region Board of Trade,industry_association,association,1
Toronto Region Immigrant Employment Council,advocacy_nonprofit,nonprofit,0.99
Toronto Regional Real Estate Board,industry_association,association,0.68
Toronto Symphony Orchestra,advocacy_nonprofit,nonprofit,1
Toronto Ward Museum,advocacy_nonprofit,nonprofit,0.85
Toronto Wholesale Produce Association,agriculture_food,association,0.56
Torstar Corporation,telecom_media,company,1
Tourism Industry Association of Alberta (TIAA),industry_association,association,1
Tourism Industry Association of Canada,industry_association,association,1
Tourism Industry Association of Canada (TIAC),industry_association,association,1
Tourism Industry Association of Ontario,industry_association,association,1
Tourmaline Oil Corp.,energy_resources,company,1
Town of Saugeen Shores,government_public,public_body,1
Town of Vegreville,government_public,public_body,1
Toyota Canada Inc.,transport_infrastructure,company,0.99
Toyota Canada Inc. (through Casacom),transport_infrastructure,company,0.99
Toyota Canada Incorporated,transport_infrastructure,company,0.99
Toyota Motor Manufacturing Canada Inc.,transport_infrastructure,company,0.98
Trans Canada Trail,advocacy_nonprofit,nonprofit,0.98
Trans Mountain Corporation,energy_resources,company,1
TransAlta Corporation,energy_resources,company,1
TransCanada Corporation,energy_resources,company,1
TransCanada PipeLines Limited,energy_resources,company,1
TransLink Mayors' Council on Regional Transportation,government_public,nonprofit,0.42
"TransUnion of Canada, Inc.",finance,company,1
Transat A.T. Inc.,transport_infrastructure,company,1
Transat AT,transport_infrastructure,company,0.92
Transformer Lab,technology,nonprofit,0.59
Transformer Labs Inc.,technology,company,0.85
Translink Mayors Council on Regional Transportation,transport_infrastructure,association,0.47
Treaty 8 First Nations of Alberta,government_public,nonprofit,0.94
Trebor Rx Corp.,health_pharma,company,0.9
Tree Canada,advocacy_nonprofit,nonprofit,0.98
"Tree of Life Canada, ULC",advocacy_nonprofit,nonprofit,0.92
Trellis Society,advocacy_nonprofit,nonprofit,0.81
Trent University,education_research,nonprofit,0.99
TriSummit Utilities,energy_resources,company,0.72
TriSummit Utilities Inc.,energy_resources,company,0.8
Tribal Wi-Chi-Way-Win Capital Corporation,government_public,company,0.94
Trident Pump Inc.,retail_manufacturing,company,0.56
Trigger Tech,technology,company,0.49
Trigon Pacific Terminals Limited,transport_infrastructure,company,0.97
Trilogy Housing Solutions,transport_infrastructure,company,0.67
Triple Point,other,nonprofit,0.47
Troilus Gold Corporation,energy_resources,company,1
Trottier Family Foundation,advocacy_nonprofit,nonprofit,0.86
Tru Cooperative Bank,finance,company,1
True North Carbon Ltd,advocacy_nonprofit,company,0.65
True North Global Networks Limited Partnership,advocacy_nonprofit,company,0.66
True Patriot Love Foundation,advocacy_nonprofit,nonprofit,0.99
Truss Limited Partnership,advocacy_nonprofit,company,0.27
TryCycle Data Systems,technology,company,0.8
Tsay Keh Dene,government_public,nonprofit,0.89
Turkey Farmers of Canada,agriculture_food,association,0.69
Twilio,technology,company,0.75
Twitter Canada,technology,company,0.83
U.S. Grains & BioProducts Council,agriculture_food,association,0.5
U.S. Grains and Bioproducts Council,agriculture_food,association,0.57
U15-Group of Canadian Research Universities,education_research,nonprofit,1
UA Local 46,labour,nonprofit,0.92
UBC Millwrights,labour,association,0.96
UNICEF Canada,advocacy_nonprofit,nonprofit,1
"UNITED STEEL, PAPER AND FORESTRY, RUBBER, MANUFACTURING, ENERGY, ALLIED INDUSTRIAL AND SERVICE WORKERS INTERNATIONAL UNION",labour,nonprofit,1
UNIVERSITY OF TORONTO,education_research,nonprofit,1
UPS Canada,transport_infrastructure,company,0.97
Uber Canada Inc.,technology,company,0.66
"Uber Canada, Inc.",technology,company,0.64
UiPath Inc,technology,company,1
Ultra Electronics TCS,defence_aerospace,company,0.94
Ultra Electronics TCS Inc.,defence_aerospace,company,0.91
Unapologetically Jewish,advocacy_nonprofit,nonprofit,1
Underwater Harvesters Association,industry_association,association,0.75
Unifor,labour,nonprofit,1
Uniglobe CBO Travel,industry_association,nonprofit,0.41
Union des artistes (UDA)?,labour,nonprofit,0.56
Union of Safety and Justice Employees,labour,nonprofit,0.99
Union of Safety and Justice Employees (Public Service Alliance of Canada),labour,nonprofit,1
Unisync Corp,other,company,0.5
United Aeronautical Corporation,defence_aerospace,company,0.98
United Association Local 787-HVACR Workers of Ontario,labour,nonprofit,1
United Fisheries Conservation Alliance,advocacy_nonprofit,nonprofit,0.59
United Fisheries Conservation Alliance (UFCA),advocacy_nonprofit,nonprofit,0.6
United Food and Commercial Workers International Union (UFCW Canada),labour,nonprofit,1
United Nations Association of Canada,advocacy_nonprofit,nonprofit,1
United Parcel Service Canada Corporation,transport_infrastructure,company,0.98
United Property Resource Corporation,transport_infrastructure,company,0.75
United Sikhs,advocacy_nonprofit,nonprofit,1
United States Chamber of Commerce,industry_association,association,0.99
United Way Centraide Canada,advocacy_nonprofit,nonprofit,1
United Way of Calgary and Area,advocacy_nonprofit,nonprofit,1
United for Literacy,advocacy_nonprofit,nonprofit,0.99
Universities Canada,education_research,association,0.99
University Pension Plan Ontario,finance,nonprofit,0.92
University of Alberta,education_research,nonprofit,1
University of Alberta - Translating Research in Elder Care (TREC),education_research,nonprofit,0.94
University of Calgary,education_research,nonprofit,1
University of Guelph,education_research,nonprofit,1
University of Lethbridge,education_research,nonprofit,1
University of Manitoba,education_research,nonprofit,1
University of New Brunswick,education_research,nonprofit,1
University of Northern British Columbia,education_research,nonprofit,1
"University of Ontario Institute of Technology
(operating as Ontario Tech University)",education_research,nonprofit,1
University of Ontario Institute of Technology (operating as Ontario Tech University),education_research,nonprofit,1
University of Ottawa,education_research,nonprofit,0.99
University of Regina,education_research,nonprofit,1
University of Saskatchewan,education_research,nonprofit,1
University of Sudbury,education_research,nonprofit,0.99
University of Toronto,education_research,nonprofit,1
University of Victoria,education_research,nonprofit,1
University of Waterloo,education_research,nonprofit,1
University of Windsor,education_research,nonprofit,1
Université du Québec,education_research,nonprofit,1
Upper Canada Forest Products Ltd.,energy_resources,company,0.97
Upside Robotics Inc.,technology,company,0.92
UrbanLogiq Inc.,technology,company,0.81
Used Car Dealers Association of Ontario,industry_association,association,0.88
VARD Marine,defence_aerospace,company,0.87
VIIV HEALTHCARE ULC,health_pharma,company,1
VISA Canada Corporation,finance,company,1
VMWare Inc.,technology,company,1
VMware Canada ULC,technology,company,1
VMware Inc.,technology,company,1
Vale Canada Limited,energy_resources,company,1
Vale Canada Ltd,energy_resources,company,1
Vale Canada Ltd.,energy_resources,company,1
Valero Energy Inc.,energy_resources,company,1
Valid8 Financial,finance,company,0.96
Value Village Stores,retail_manufacturing,company,0.94
Vanadium Producers and Reclaimers Association,industry_association,association,0.83
Vancouver Airport Authority,transport_infrastructure,public_body,0.95
Vancouver Airport Fuel Facilities Corporation (Through FSM Management Group),transport_infrastructure,company,0.57
Vancouver Art Gallery,advocacy_nonprofit,nonprofit,0.99
Vancouver City Savings Credit Union,finance,company,1
Vancouver International Airport,transport_infrastructure,public_body,0.96
Vancouver International Airport Authority,transport_infrastructure,public_body,0.97
Vancouver Island University,education_research,nonprofit,1
Vancouver Maritime Museum,advocacy_nonprofit,nonprofit,0.94
Vancouver Pride Society,advocacy_nonprofit,nonprofit,1
Vancouver Shipyards Co. Ltd.,defence_aerospace,company,0.99
Vanguard Investments Canada Inc.,finance,company,0.99
Varme Energy,energy_resources,association,0.91
Vaxil Biotherapeutics,health_pharma,company,1
Vector Institute,technology,nonprofit,0.45
Vector Institute for Artificial Intelligence,technology,nonprofit,0.62
Venture for Canada,advocacy_nonprofit,nonprofit,0.99
Verdun Windows & Doors,retail_manufacturing,company,0.38
Veridos Canada Ltd.,technology,company,0.49
Veritec Solutions,advocacy_nonprofit,company,0.32
Vertex Pharmaceuticals (Canada) Inc.,health_pharma,company,1
Vertex Pharmaceuticals (Canada) Incorporated,health_pharma,company,1
Vertigo Theatre,advocacy_nonprofit,nonprofit,0.94
Vial,health_pharma,company,0.89
Viasat Inc.,telecom_media,company,0.71
Victorian Order of Nurses of Canada (VON Canada),health_pharma,nonprofit,0.48
VidCruiter,technology,company,0.95
"View, Inc.",technology,company,0.6
Village of Valemount,government_public,public_body,0.98
VilleAero,defence_aerospace,association,0.83
Vimy Pharmaceuticals Inc.,health_pharma,company,1
Viotika Life Sciences Inc.,health_pharma,company,1
Visa Canada Corporation,finance,company,0.99
Vitalus Nutrition Inc.,health_pharma,company,0.83
Viterra Canada Inc.,agriculture_food,company,0.99
Viterra Inc.,agriculture_food,company,0.99
VoiceCanada Post-Settlement Services Inc.,advocacy_nonprofit,company,0.93
VoiceHealth Inc.,health_pharma,company,0.75
Volatus Aerospace Corp.,defence_aerospace,company,0.99
Voltari Marine Electric,energy_resources,company,0.18
Voltari Marine Electric Inc.,energy_resources,company,0.27
Volunteer Canada,advocacy_nonprofit,nonprofit,1
Volunteers Canada,advocacy_nonprofit,nonprofit,1
Volvo Group Canada Inc.,transport_infrastructure,company,0.99
Volvo Group North America,transport_infrastructure,company,0.99
Vopak Canada,energy_resources,company,0.73
Vopak Terminals of Eastern Canada Inc.,transport_infrastructure,company,0.55
Voyageur Aviation Corp.,transport_infrastructure,company,0.61
"Voyce, Inc.",advocacy_nonprofit,company,0.64
Vuexcare LLC,advocacy_nonprofit,company,0.35
Vélo Canada Bikes,industry_association,association,0.56
WAL-MART CANADA INC.,retail_manufacturing,company,1
WCG Services,advocacy_nonprofit,company,0.48
WCS Wildlife Conservation Society Canada,advocacy_nonprofit,nonprofit,1
WE Charity,advocacy_nonprofit,nonprofit,1
WEST COAST ENVIRONMENTAL LAW ASSOCIATION,advocacy_nonprofit,nonprofit,1
WESTERN GRAIN ELEVATOR ASSOCIATION,agriculture_food,association,0.6
WGC (UK) Limited,industry_association,company,0.47
"WGC USA, Inc.",industry_association,company,0.6
WINE GROWERS CANADA,industry_association,association,0.8
WONGA UK,finance,company,0.99
WOOLLY MAMMOTH OUTERWEAR INC,retail_manufacturing,company,0.54
WORLD EDUCATION SERVICES INC.,advocacy_nonprofit,nonprofit,0.63
WORLD VISION CANADA,advocacy_nonprofit,nonprofit,1
WPC Energy Canada,energy_resources,association,0.81
Waabi Innovation Inc.,technology,company,0.6
Wabigoon Lake Ojibway Nation,government_public,nonprofit,0.99
Wabtec Corporation,transport_infrastructure,company,0.99
Wal-Mart Canada Corp.,retail_manufacturing,company,1
Wal-Mart Canada Inc.,retail_manufacturing,company,1
Walker Environmental Group Inc.,advocacy_nonprofit,company,0.42
Waltzing Matilda Aviation,transport_infrastructure,nonprofit,0.57
Waste Connections of Canada,other,company,0.29
Wataynikaneyap Power LP,energy_resources,company,0.76
Watco Companies LLC,transport_infrastructure,company,0.97
WaterPower Canada,energy_resources,association,0.56
Watershed Watch Salmon Society,advocacy_nonprofit,nonprofit,1
Wattpad Corp.,telecom_media,company,0.67
Wayfair LLC,retail_manufacturing,company,1
WeNeedaLAW.ca,advocacy_nonprofit,nonprofit,0.8
Wealthsimple Financial Corp.,finance,company,1
Wee Wild Ones,advocacy_nonprofit,nonprofit,0.93
WeedMaps,industry_association,company,0.72
Weight Watchers Canada Ltd.,health_pharma,company,0.62
"Weighy Watchers Canada, Ltd.",health_pharma,company,0.35
Welcome Hall Mission,advocacy_nonprofit,nonprofit,1
West Coast Environmental Law Association,advocacy_nonprofit,nonprofit,1
West Coast Reduction Ltd,agriculture_food,company,0.48
West End Home Builders' Association,industry_association,association,0.83
West Kitikmeot Resources Corp.,energy_resources,company,0.99
WestJet Airlines Ltd.,transport_infrastructure,company,1
"Westcoast Energy Inc., dba Spectra Energy Transmission",energy_resources,company,1
Western Canadian Shippers Coalition,industry_association,association,0.78
Western Canadian Shippers' Coalition,industry_association,association,0.77
Western Canadian Short Line Railway Association,transport_infrastructure,association,0.73
Western Canadian Wheat Growers Association,agriculture_food,association,0.88
Western Copper and Gold,energy_resources,company,1
Western Copper and Gold Corporation,energy_resources,company,1
Western Forest Products,energy_resources,company,0.98
Western Grain Elevator Association,agriculture_food,association,0.54
Western Indigenous Pipeline Group,energy_resources,nonprofit,0.63
Western Indigenous Pipeline Group Limited Partnership,energy_resources,company,0.83
Western Nova Scotia Lobster Dealers,agriculture_food,association,0.62
WesternZagros Resources Ltd.,energy_resources,company,0.98
Westincor Ltd.,advocacy_nonprofit,company,0.41
Westinghouse Electric Canada LLC,energy_resources,company,0.75
Westlake Corporation,other,company,0.65
Westmoreland Coal Company,energy_resources,company,1
Westport Fuel Systems Canada Inc.,transport_infrastructure,company,0.52
Westshore Terminals Limited Partnership,transport_infrastructure,company,0.97
Weyerhaeuser Company Limited,energy_resources,company,0.99
"Whale Seeker, Inc.",advocacy_nonprofit,company,0.72
Whirlpool Canada LP,retail_manufacturing,company,1
White Birch Papers,industry_association,association,0.58
White Ribbon,advocacy_nonprofit,nonprofit,1
Wiikwemkoong Unceded Territory,government_public,nonprofit,0.98
Wild Blueberry Association of North America,agriculture_food,association,0.55
Wild Salmon Forever Society,advocacy_nonprofit,nonprofit,0.98
Wilder Institute,advocacy_nonprofit,nonprofit,0.76
Wilder Institute Calgary Zoo,advocacy_nonprofit,nonprofit,1
Wilfrid Laurier University,education_research,nonprofit,0.99
Williams Energy Canada ULC,energy_resources,company,1
Williams Lake First Nation,government_public,nonprofit,0.99
Windmill Development Group Ltd.,energy_resources,company,0.84
Windmill Microlending,finance,nonprofit,0.83
Windsor-Essex County Association of Realtors,industry_association,association,0.65
Wine Growers Canada,industry_association,association,0.66
Winnipeg Airports Authority Inc.,transport_infrastructure,company,0.98
Winnipeg Regional Real Estate Board,industry_association,association,0.73
Winnipeg Symphony Orchestra,advocacy_nonprofit,nonprofit,0.99
Wohler Canada Inc.,other,company,0.35
Wolastoqey First Nations,government_public,nonprofit,0.87
Wolastoqey Nation in New Brunswick,government_public,nonprofit,0.89
Women in Communications and Technology (WCT),advocacy_nonprofit,nonprofit,0.96
Women's  Health Coalition of Canada,advocacy_nonprofit,nonprofit,0.99
Women's Brain Health Initiative,advocacy_nonprofit,nonprofit,0.83
Women's Health  Collective Canada,advocacy_nonprofit,nonprofit,0.95
Women's Health Coalition of Canada,advocacy_nonprofit,nonprofit,0.98
Women's Legal Education & Action Fund (LEAF),advocacy_nonprofit,nonprofit,1
Women's Legal Education and Action Fund,advocacy_nonprofit,nonprofit,1
Women's Regional Network,advocacy_nonprofit,nonprofit,1
WoodGreen Community Services,advocacy_nonprofit,nonprofit,0.99
Woodbine Entertainment Group,other,company,0.63
Woodfibre LNG,energy_resources,company,1
Woodfibre LNG Limited,energy_resources,company,1
Woodfibre Management Ltd.,energy_resources,company,0.93
Woodland Cree First Nation,government_public,nonprofit,0.95
Woodtone Industries,energy_resources,company,0.25
Workforce Warriors,labour,nonprofit,0.45
Workopolis,advocacy_nonprofit,company,0.3
World Animal Protection,advocacy_nonprofit,nonprofit,1
World Energy GH2,energy_resources,company,0.91
World Society for the Protection of Animals,advocacy_nonprofit,nonprofit,1
World Society for the Protection of Animals Canada,advocacy_nonprofit,nonprofit,1
World University Service of Canada (WUSC),advocacy_nonprofit,nonprofit,0.99
World Wildlife Fund Canada,advocacy_nonprofit,nonprofit,1
WorldBand Media Inc.,telecom_media,company,0.84
Writers Guild of Canada,labour,association,0.73
Wuxly,advocacy_nonprofit,nonprofit,0.45
Wyloo Ring of Fire Ltd.,energy_resources,company,0.89
X Corp,advocacy_nonprofit,company,0.27
X-Energy Canada Inc,energy_resources,company,0.99
Xanadu Quantum Technologies Inc.,technology,company,1
Xerox Canada Ltd.,technology,company,0.63
"Xona Space Systems Canada, Inc.",defence_aerospace,company,0.96
Xplore Communications Inc.,telecom_media,company,0.74
Xplore Inc.,other,company,0.44
Xplornet Communications Inc.,telecom_media,company,0.97
Xplornet Communications inc.,telecom_media,company,0.96
YHU Infrastructure Partners (Québec) LP,transport_infrastructure,company,0.87
YMAPhoto,advocacy_nonprofit,nonprofit,0.37
YMCA Canada,advocacy_nonprofit,nonprofit,1
YMCA of Greater Toronto,advocacy_nonprofit,nonprofit,1
YW Calgary,advocacy_nonprofit,nonprofit,1
YWCA Calgary,advocacy_nonprofit,nonprofit,1
YWCA Canada,advocacy_nonprofit,nonprofit,1
Yamaha Motor Canada Ltd.,transport_infrastructure,company,0.9
YellowHead Mining Inc.,energy_resources,company,1
Yellowknives Dene First Nation,government_public,nonprofit,0.98
Yellowstone to Yukon Conservation Initiative Foundation,advocacy_nonprofit,nonprofit,1
York Region,government_public,public_body,0.99
York University,education_research,nonprofit,1
Youth Climate Corps BC,advocacy_nonprofit,nonprofit,1
Yukon Chamber of Mines,energy_resources,association,0.49
Yukon Department of Tourism and Culture,government_public,public_body,1
Yukon Energy Corporation,energy_resources,public_body,0.96
Yukon University,education_research,nonprofit,1
Yänonhchia Housing Finance,finance,company,0.89
ZEN Graphene Solutions,technology,company,0.56
ZYUS Life Sciences Inc.,health_pharma,company,0.99
Zayo Canada Inc.,telecom_media,company,0.99
Zebra Technologies Corporation,technology,company,0.96
Zentek,technology,company,0.34
Zighra Inc.,advocacy_nonprofit,company,0.49
adMare BioInnovations,agriculture_food,company,0.21
alcohol countermeasure systems corp,industry_association,company,0.23
cae inc.,defence_aerospace,company,0.83
dahl Valve Limited,retail_manufacturing,company,0.37
dairy farmers of canada,agriculture_food,association,0.65
dosist,advocacy_nonprofit,nonprofit,0.32
eBay,technology,company,0.87
eBay Canada,technology,company,0.61
eBay Inc.,technology,company,0.87
eStruxture Data Centers,technology,company,0.87
eStruxture Data Centers Inc.,technology,company,0.86
fisheries council of canada,agriculture_food,association,0.81
goeasy Ltd.,transport_infrastructure,company,0.9
joni,advocacy_nonprofit,nonprofit,0.69
lululemon usa inc.,retail_manufacturing,company,1
null,other,nonprofit,0.63
ole,agriculture_food,nonprofit,0.18
ole Media Management,advocacy_nonprofit,company,0.41
priMED Medical Products Inc.,health_pharma,company,1
retail council of canada,industry_association,association,0.64
the Canadian Vaping Association,industry_association,association,0.9
theScore,telecom_media,company,0.87
thyssenkrupp Marine Systems GmbH,defence_aerospace,company,1
triOS College Business Technology Healthcare Inc.,education_research,company,0.98
ventureLAB Innovation Centre,advocacy_nonprofit,nonprofit,0.53
Énergir,energy_resources,association,0.82
